-- phpMyAdmin SQL Dump
-- version 5.2.1
-- https://www.phpmyadmin.net/
--
-- 主機： 127.0.0.1
-- 產生時間： 2024-06-15 17:33:36
-- 伺服器版本： 10.4.32-MariaDB
-- PHP 版本： 8.0.30

SET SQL_MODE = "NO_AUTO_VALUE_ON_ZERO";
START TRANSACTION;
SET time_zone = "+00:00";


/*!40101 SET @OLD_CHARACTER_SET_CLIENT=@@CHARACTER_SET_CLIENT */;
/*!40101 SET @OLD_CHARACTER_SET_RESULTS=@@CHARACTER_SET_RESULTS */;
/*!40101 SET @OLD_COLLATION_CONNECTION=@@COLLATION_CONNECTION */;
/*!40101 SET NAMES utf8mb4 */;

--
-- 資料庫： `pokemon`
--

-- --------------------------------------------------------

--
-- 資料表結構 `backpack`
--

CREATE TABLE `backpack` (
  `user_id` int(11) NOT NULL,
  `pokemon_id` int(11) NOT NULL
) ENGINE=InnoDB DEFAULT CHARSET=utf8mb4 COLLATE=utf8mb4_general_ci;

--
-- 傾印資料表的資料 `backpack`
--

INSERT INTO `backpack` (`user_id`, `pokemon_id`) VALUES
(4, 1),
(4, 2),
(4, 3),
(4, 4),
(4, 5),
(4, 6),
(4, 7),
(4, 8),
(4, 9),
(4, 11),
(4, 12),
(4, 13),
(4, 14),
(4, 15),
(4, 23);

-- --------------------------------------------------------

--
-- 資料表結構 `music_files`
--

CREATE TABLE `music_files` (
  `id` int(11) NOT NULL,
  `user_id` int(11) NOT NULL,
  `file_name` varchar(255) NOT NULL,
  `file_path` varchar(255) NOT NULL,
  `youtube_link` varchar(255) DEFAULT NULL,
  `image_path` varchar(255) DEFAULT NULL
) ENGINE=InnoDB DEFAULT CHARSET=utf8mb4 COLLATE=utf8mb4_general_ci;

--
-- 傾印資料表的資料 `music_files`
--

INSERT INTO `music_files` (`id`, `user_id`, `file_name`, `file_path`, `youtube_link`, `image_path`) VALUES
(4, 4, '1.mp3', 'uploads/song/1.mp3', NULL, 'uploads/images/song2.jpg'),
(6, 4, 'Catch My Breath.mp3', 'uploads/song/Catch My Breath.mp3', NULL, 'uploads/images/song2.jpg'),
(7, 7, 'Catch My Breath.mp3', 'uploads/song/Catch My Breath.mp3', NULL, 'uploads/images/song2.jpg'),
(9, 4, 'Catch My Breath.mp3', 'uploads/song/Catch My Breath.mp3', NULL, 'uploads/images/55c76698dbb717ce39fae05e81946ee5.jpg'),
(10, 4, 'Catch My Breath.mp3', 'uploads/song/Catch My Breath.mp3', NULL, 'uploads/images/55c76698dbb717ce39fae05e81946ee5.jpg'),
(11, 9, 'think.mp3', 'uploads/song/think.mp3', NULL, 'uploads/images/demo.jpg'),
(12, 4, 'think.mp3', 'uploads/song/think.mp3', NULL, 'uploads/images/demo.jpg');

-- --------------------------------------------------------

--
-- 資料表結構 `pokemon`
--

CREATE TABLE `pokemon` (
  `編號` int(4) NOT NULL,
  `名稱` varchar(14) DEFAULT NULL,
  `屬性一` varchar(3) DEFAULT NULL,
  `屬性二` varchar(3) DEFAULT NULL,
  `總數值` int(4) DEFAULT NULL,
  `生命` int(3) DEFAULT NULL,
  `攻擊` int(3) DEFAULT NULL,
  `防禦` int(3) DEFAULT NULL,
  `特攻` int(3) DEFAULT NULL,
  `特防` int(3) DEFAULT NULL,
  `速度` int(3) DEFAULT NULL,
  `世代` int(1) DEFAULT NULL,
  `傳奇` varchar(1) DEFAULT NULL,
  `img_url` varchar(85) DEFAULT NULL
) ENGINE=InnoDB DEFAULT CHARSET=utf8 COLLATE=utf8_general_ci;

--
-- 傾印資料表的資料 `pokemon`
--

INSERT INTO `pokemon` (`編號`, `名稱`, `屬性一`, `屬性二`, `總數值`, `生命`, `攻擊`, `防禦`, `特攻`, `特防`, `速度`, `世代`, `傳奇`, `img_url`) VALUES
(1, '妙蛙種子', '綠', '毒', 318, 45, 49, 49, 65, 65, 45, 1, '無', 'https://drive.google.com/thumbnail?id=1-lAidiLlA0uPDSxR0-werH9sbTqyDOj4'),
(2, '妙蛙草', '綠', '毒', 405, 60, 62, 63, 80, 80, 60, 1, '無', 'https://drive.google.com/thumbnail?id=1-SqcAnq_DR1TSXKMNt0wx_IAPh2w5JdN'),
(3, '妙蛙花', '綠', '毒', 525, 80, 82, 83, 100, 100, 80, 1, '無', 'https://drive.google.com/thumbnail?id=1-n4S9Lm_pj6KUtHDJL5MM7hxF6xnKGci'),
(4, '超級妙蛙花', '綠', '毒', 625, 80, 100, 123, 122, 120, 80, 1, '無', ''),
(5, '超極巨化妙蛙花', '綠', '毒', 525, 80, 82, 83, 100, 100, 80, 1, '無', ''),
(6, '小火龍', '火', '', 309, 39, 52, 43, 60, 50, 65, 1, '無', 'https://drive.google.com/thumbnail?id=1-inYdhTnY1V8oDCRzhH1q9EeOWHUrZRB'),
(7, '火恐龍', '火', '', 405, 58, 64, 58, 80, 65, 80, 1, '無', 'https://drive.google.com/thumbnail?id=1-cDM1hEEx1wwV1Zp1JSdlwDSVZ-YB-Xz'),
(8, '噴火龍', '火', '飛行', 534, 78, 84, 78, 109, 85, 100, 1, '無', 'https://drive.google.com/thumbnail?id=1-YQscR4TJCj8uG3igTaFCidQjkP_iZjT'),
(9, '超級噴火龍 X', '火', '龍', 634, 78, 130, 111, 130, 85, 100, 1, '無', ''),
(10, '超級噴火龍 Y', '火', '飛行', 634, 78, 104, 78, 159, 115, 100, 1, '無', ''),
(11, '超極巨化噴火龍', '火', '飛行', 534, 78, 84, 78, 109, 85, 100, 1, '無', ''),
(12, '傑尼龜', '水', '', 314, 44, 48, 65, 50, 64, 43, 1, '無', 'https://drive.google.com/thumbnail?id=1-4sOUGbLrU21Lr8OmQqOrYsptjt8Tk4P'),
(13, '卡咪龜', '水', '', 405, 59, 63, 80, 65, 80, 58, 1, '無', 'https://drive.google.com/thumbnail?id=1-A2r_7CBzB1eGI9YF_axxcjUPm96-ORW'),
(14, '水箭龜', '水', '', 530, 79, 83, 100, 85, 105, 78, 1, '無', 'https://drive.google.com/thumbnail?id=1-9hRglCF7RZZlAO5WbODYPtlROiSLNS1'),
(15, '超級水箭龜', '水', '', 630, 79, 103, 120, 135, 115, 78, 1, '無', ''),
(16, '超極巨化水箭龜', '水', '水', 530, 79, 83, 100, 85, 105, 78, 1, '無', ''),
(17, '綠毛蟲', '蟲', '', 195, 45, 30, 35, 20, 20, 45, 1, '無', 'https://drive.google.com/thumbnail?id=104dGXTeJ7SAass8HQB_5VU4exkxqPBSv'),
(18, '鐵甲蛹', '蟲', '', 205, 50, 20, 55, 25, 25, 30, 1, '無', 'https://drive.google.com/thumbnail?id=103TfUEkcw3ekgYnM--jJAIk9JKgR3NFE'),
(19, '巴大蝶', '蟲', '飛行', 395, 60, 45, 50, 90, 80, 70, 1, '無', 'https://drive.google.com/thumbnail?id=1-vWc-rBCWF_xkw7RfcxigN3lkTYmt7it'),
(20, '超極巨化巴大蝶', '蟲', '飛行', 395, 60, 45, 50, 90, 80, 70, 1, '無', ''),
(21, '獨角蟲', '蟲', '毒', 195, 40, 35, 30, 20, 20, 50, 1, '無', 'https://drive.google.com/thumbnail?id=1-o7ONro3HnF58lLTJ_qOQk-LAk1mZjxi'),
(22, '鐵殼蛹', '蟲', '毒', 205, 45, 25, 50, 25, 25, 35, 1, '無', 'https://drive.google.com/thumbnail?id=105LrgEdbo5iLGq3-Q_Grn2iyOi4n1ZzM'),
(23, '大針蜂', '蟲', '毒', 395, 65, 90, 40, 45, 80, 75, 1, '無', 'https://drive.google.com/thumbnail?id=10Oj8ppHO-mXql7x0yG7E7e_Shft4kXh5'),
(24, '超級大針蜂', '蟲', '毒', 495, 65, 150, 40, 15, 80, 145, 1, '無', ''),
(25, '波波', '一般', '飛行', 251, 40, 45, 40, 35, 35, 56, 1, '無', 'https://drive.google.com/thumbnail?id=10U30fhNhBtM_5NOJqmO3zbbihCxQGQ_9'),
(26, '比比鳥', '一般', '飛行', 349, 63, 60, 55, 50, 50, 71, 1, '無', 'https://drive.google.com/thumbnail?id=10NAXSk1TPeUtvfg8c_HstQxZ9Rbk842Z'),
(27, '大比鳥', '一般', '飛行', 479, 83, 80, 75, 70, 70, 101, 1, '無', 'https://drive.google.com/thumbnail?id=10TC-CFirq_yghKVZVRR-d4aBT9a4oT6G'),
(28, '超級大比鳥', '一般', '飛行', 579, 83, 80, 80, 135, 80, 121, 1, '無', ''),
(29, '小拉達', '一般', '', 253, 30, 56, 35, 25, 35, 72, 1, '無', 'https://drive.google.com/thumbnail?id=10T70lg5qmhzP0AlZJDu9U0O7xkFtzevE'),
(30, '阿羅拉小拉達', '惡', '一般', 253, 30, 56, 35, 25, 35, 72, 7, '無', ''),
(31, '拉達', '一般', '', 413, 55, 81, 60, 50, 70, 97, 1, '無', 'https://drive.google.com/thumbnail?id=10d9KjJUF5RpDKBgJU4z_iBeX4aLXYCs_'),
(32, '阿羅拉拉達', '惡', '一般', 413, 75, 71, 70, 40, 80, 77, 7, '無', ''),
(33, '烈雀', '一般', '飛行', 262, 40, 60, 30, 31, 31, 70, 1, '無', 'https://drive.google.com/thumbnail?id=115zhkdepMjwIoFxUAEqSiQp85X4QR2BW'),
(34, '大嘴雀', '一般', '飛行', 442, 65, 90, 65, 61, 61, 100, 1, '無', 'https://drive.google.com/thumbnail?id=10ttU12UaHN80avWV_-NOyfBW_EsEi3Vz'),
(35, '阿柏蛇', '毒', '', 288, 35, 60, 44, 40, 54, 55, 1, '無', 'https://drive.google.com/thumbnail?id=10iDM_J2J7y2rukOZIrJFs0X--i5u128_'),
(36, '阿柏怪', '毒', '', 438, 60, 85, 69, 65, 79, 80, 1, '無', 'https://drive.google.com/thumbnail?id=10fuaf0ai9SWdFczs78L5XzgVKaijSuC8'),
(37, '皮卡丘', '電', '', 320, 35, 55, 40, 50, 50, 90, 1, '無', 'https://drive.google.com/thumbnail?id=11DWE9fNWBhkPuqrhBluAqFGpPmbc_9MZ'),
(38, '超極巨化皮卡丘', '電', '', 320, 35, 55, 40, 50, 50, 90, 1, '無', ''),
(39, '雷丘', '電', '', 485, 60, 90, 55, 90, 80, 110, 1, '無', 'https://drive.google.com/thumbnail?id=11HmZ1fwkHMHmwWcjIZSAuabFOFOE46Zc'),
(40, '阿羅拉雷丘', '電', '超能力', 485, 60, 85, 50, 95, 85, 110, 7, '無', ''),
(41, '穿山鼠', '地面', '', 300, 50, 75, 85, 20, 30, 40, 1, '無', 'https://drive.google.com/thumbnail?id=11IDpqvCihbqjT8WZA4Bxt6fpTZLEvGke'),
(42, '阿羅拉穿山鼠', '冰', '銅', 300, 50, 75, 90, 10, 35, 40, 7, '無', ''),
(43, '穿山王', '地面', '', 450, 75, 100, 110, 45, 55, 65, 1, '無', 'https://drive.google.com/thumbnail?id=11MOiA4tUTJ6TJmlCEXeO4tQiXMLKLHrr'),
(44, '阿羅拉穿山王', '冰', '銅', 450, 75, 100, 120, 25, 65, 65, 7, '無', ''),
(45, '尼多蘭', '毒', '', 275, 55, 47, 52, 40, 40, 41, 1, '無', 'https://drive.google.com/thumbnail?id=124x5mEGfsEI-B3UmAUCdEgNGpAa1ikWG'),
(46, '尼多娜', '毒', '', 365, 70, 62, 67, 55, 55, 56, 1, '無', 'https://drive.google.com/thumbnail?id=122_BHvE4cDlAcEYxj6iKVtSF8gjYH_3a'),
(47, '尼多后', '毒', '地面', 505, 90, 92, 87, 75, 85, 76, 1, '無', 'https://drive.google.com/thumbnail?id=12-ORi4KTzzbgLcure2g_WkagUCTxeHRJ'),
(48, '尼多蘭♀', '毒', '', 273, 46, 57, 40, 40, 40, 50, 1, '無', 'https://drive.google.com/thumbnail?id=11z9cugiUS3gByBFUd5OpAqCwG_SQJeaU'),
(49, '尼多力諾', '毒', '', 365, 61, 72, 57, 55, 55, 65, 1, '無', 'https://drive.google.com/thumbnail?id=11v8Rx6CWg2VfVOmG-E-RrBqm4OaKDeaC'),
(50, '尼多王', '毒', '地面', 505, 81, 102, 77, 85, 75, 85, 1, '無', 'https://drive.google.com/thumbnail?id=11okqP4MnjgTHYrg9S0-ItPCWBhuTHjud'),
(51, '皮皮', '妖精', '', 323, 70, 45, 48, 60, 65, 35, 1, '無', 'https://drive.google.com/thumbnail?id=11jNzqnKzkrAJ-KUge5XjWPQISHq1bd-T'),
(52, '皮可西', '妖精', '', 483, 95, 70, 73, 95, 90, 60, 1, '無', 'https://drive.google.com/thumbnail?id=11iO5sBjue_ovxUlixyiB1KnUEzX9KU_T'),
(53, '六尾', '火', '', 299, 38, 41, 40, 50, 65, 65, 1, '無', 'https://drive.google.com/thumbnail?id=11lbAQXCOzl66uvLcs4k8hMl_wqo8b_-T'),
(54, '阿羅拉六尾', '冰', '', 299, 38, 41, 40, 50, 65, 65, 7, '無', ''),
(55, '九尾', '火', '', 505, 73, 76, 75, 81, 100, 100, 1, '無', 'https://drive.google.com/thumbnail?id=11f_07_j-6LXVAS3MZtkFaxDyM4dCL3Ll'),
(56, '阿羅拉九尾', '冰', '妖精', 505, 73, 67, 75, 81, 100, 109, 7, '無', ''),
(57, '胖丁', '一般', '妖精', 270, 115, 45, 20, 45, 25, 20, 1, '無', 'https://drive.google.com/thumbnail?id=11YwT8NcGGPsZfj3kFKWq2JR0JvlunEaU'),
(58, '胖可丁', '一般', '妖精', 435, 140, 70, 45, 85, 50, 45, 1, '無', 'https://drive.google.com/thumbnail?id=11Z8GKfHw55tnqSkkS108lGNPLbg5SdJv'),
(59, '超音蝠', '毒', '飛行', 245, 40, 45, 35, 30, 40, 55, 1, '無', 'https://drive.google.com/thumbnail?id=11P7yDm4lh9OmBjcGcY19pi9Ng9j9is_p'),
(60, '大嘴蝠', '毒', '飛行', 455, 75, 80, 70, 65, 75, 90, 1, '無', 'https://drive.google.com/thumbnail?id=11TdSSkbS1c3jtiiXbpvdHcEsV1CbgqIy'),
(61, '走路草', '草', '毒', 320, 45, 50, 55, 75, 65, 30, 1, '無', 'https://drive.google.com/thumbnail?id=12B2MSOqaD2VjPRU4R0XzfNqXOHpDzuPS'),
(62, '臭臭花', '草', '毒', 395, 60, 65, 70, 85, 75, 40, 1, '無', 'https://drive.google.com/thumbnail?id=12BePuoJGHIz1xOwinPzRBUEz4H55p2-Z'),
(63, '霸王花', '草', '毒', 490, 75, 80, 85, 110, 90, 50, 1, '無', 'https://drive.google.com/thumbnail?id=1296byq33sDxDnFL9XE2AoHMQY_Lw4YAg'),
(64, '派拉斯', '蟲', '草', 285, 35, 70, 55, 45, 55, 25, 1, '無', 'https://drive.google.com/thumbnail?id=12EmRfJrKIDML5Egx6ufKpQF42d2oa12A'),
(65, '派拉斯特', '蟲', '草', 405, 60, 95, 80, 60, 80, 30, 1, '無', 'https://drive.google.com/thumbnail?id=12YOCMC20eAyanQ-Dhth-GKLhUzw1KK9g'),
(66, '毛球', '蟲', '毒', 305, 60, 55, 50, 40, 55, 45, 1, '無', 'https://drive.google.com/thumbnail?id=12Vx_4mN4A5nPu4VIK3Fukpour4x0EWwZ'),
(67, '摩魯蛾', '蟲', '毒', 450, 70, 65, 60, 90, 75, 90, 1, '無', 'https://drive.google.com/thumbnail?id=12QAhNfCIVYOSAF3zZ79cIXMmfkvmnc66'),
(68, '地鼠', '地面', '', 265, 10, 55, 25, 35, 45, 95, 1, '無', 'https://drive.google.com/thumbnail?id=12TgqmlebOK9puxx4vr7IrNsvVHOGBtQ0'),
(69, '阿羅拉地鼠', '地面', '銅', 265, 10, 55, 30, 35, 45, 90, 7, '無', ''),
(70, '三地鼠', '地面', '', 405, 35, 80, 50, 50, 70, 120, 1, '無', ''),
(71, '阿羅拉三地鼠', '地面', '銅', 425, 35, 100, 60, 50, 70, 110, 7, '無', ''),
(72, '喵喵', '一般', '', 290, 40, 45, 35, 40, 40, 90, 1, '無', ''),
(73, '超極巨化喵喵', '一般', '', 290, 40, 45, 35, 40, 40, 90, 1, '無', ''),
(74, '阿羅拉喵喵', '惡', '', 290, 40, 35, 35, 50, 40, 90, 7, '無', ''),
(75, '伽勒爾喵喵', '銅', '', 290, 50, 65, 55, 40, 40, 40, 8, '無', ''),
(76, '貓老大', '一般', '', 440, 65, 70, 60, 65, 65, 115, 1, '無', ''),
(77, '阿羅拉貓老大', '惡', '', 440, 65, 60, 60, 75, 65, 115, 7, '無', ''),
(78, '可達鴨', '水', '', 320, 50, 52, 48, 65, 50, 55, 1, '無', ''),
(79, '哥達鴨', '水', '', 500, 80, 82, 78, 95, 80, 85, 1, '無', ''),
(80, '猴怪', '格鬥', '', 305, 40, 80, 35, 35, 45, 70, 1, '無', ''),
(81, '火爆猴', '格鬥', '', 455, 65, 105, 60, 60, 70, 95, 1, '無', ''),
(82, '卡蒂狗', '火', '', 350, 55, 70, 45, 70, 50, 60, 1, '無', ''),
(83, '風速狗', '火', '', 555, 90, 110, 80, 100, 80, 95, 1, '無', ''),
(84, '蚊香蝌蚪', '水', '', 300, 40, 50, 40, 40, 40, 90, 1, '無', ''),
(85, '蚊香君', '水', '', 385, 65, 65, 65, 50, 50, 90, 1, '無', ''),
(86, '蚊香泳士', '水', '格鬥', 510, 90, 95, 95, 70, 90, 70, 1, '無', ''),
(87, '凱西', '超能力', '', 310, 25, 20, 15, 105, 55, 90, 1, '無', ''),
(88, '勇基拉', '超能力', '', 400, 40, 35, 30, 120, 70, 105, 1, '無', ''),
(89, '胡地', '超能力', '', 500, 55, 50, 45, 135, 95, 120, 1, '無', ''),
(90, '超進化胡地', '超能力', '', 590, 55, 50, 65, 175, 95, 150, 1, '無', ''),
(91, '腕力', '格鬥', '', 305, 70, 80, 50, 35, 35, 35, 1, '無', ''),
(92, '豪力', '格鬥', '', 405, 80, 100, 70, 50, 60, 45, 1, '無', ''),
(93, '怪力', '格鬥', '', 505, 90, 130, 80, 65, 85, 55, 1, '無', ''),
(94, '超極巨化怪力', '格鬥', '', 505, 90, 130, 80, 65, 85, 55, 1, '無', ''),
(95, '喇叭芽', '草', '毒', 300, 50, 75, 35, 70, 30, 40, 1, '無', ''),
(96, '口呆花', '草', '毒', 390, 65, 90, 50, 85, 45, 55, 1, '無', ''),
(97, '霸王花', '草', '毒', 490, 80, 105, 65, 100, 70, 70, 1, '無', ''),
(98, '瑪瑙水母', '水', '毒', 335, 40, 40, 35, 50, 100, 70, 1, '無', ''),
(99, '毒刺水母', '水', '毒', 515, 80, 70, 65, 80, 120, 100, 1, '無', ''),
(100, '小拳石', '岩石', '地面', 300, 40, 80, 100, 30, 30, 20, 1, '無', ''),
(101, '阿羅拉小拳石', '岩石', '電', 300, 40, 80, 100, 30, 30, 20, 7, '無', ''),
(102, '隆隆石', '岩石', '地面', 390, 55, 95, 115, 45, 45, 35, 1, '無', ''),
(103, '阿羅拉隆隆石', '岩石', '電', 390, 55, 95, 115, 45, 45, 35, 7, '無', ''),
(104, '隆隆岩', '岩石', '地面', 495, 80, 120, 130, 55, 65, 45, 1, '無', ''),
(105, '阿羅拉隆隆岩', '岩石', '電', 495, 80, 120, 130, 55, 65, 45, 7, '無', ''),
(106, '小火馬', '火', '', 410, 50, 85, 55, 65, 65, 90, 1, '無', ''),
(107, '伽勒爾小火馬', '超能力', '妖精', 410, 50, 85, 55, 65, 65, 90, 8, '無', ''),
(108, '烈焰馬', '火', '', 500, 65, 100, 70, 80, 80, 105, 1, '無', ''),
(109, '伽勒爾烈焰馬', '超能力', '妖精', 500, 65, 100, 70, 80, 80, 105, 8, '無', ''),
(110, '呆呆獸', '水', '超能力', 315, 90, 65, 65, 40, 40, 15, 1, '無', ''),
(111, '伽勒爾呆呆獸', '超能力', '', 315, 90, 65, 65, 40, 40, 15, 8, '無', ''),
(112, '呆殼獸', '水', '超能力', 490, 95, 75, 110, 100, 80, 30, 1, '無', ''),
(113, '伽勒爾呆殼獸', '毒', '超能力', 490, 95, 100, 95, 100, 70, 30, 8, '無', ''),
(114, '超進化呆殼獸', '水', '超能力', 590, 95, 75, 180, 130, 80, 30, 1, '無', ''),
(115, '小磁怪', '電', '銅', 325, 25, 35, 70, 95, 55, 45, 1, '無', ''),
(116, '三合一磁怪', '電', '銅', 465, 50, 60, 95, 120, 70, 70, 1, '無', ''),
(117, '大蔥鴨', '一般', '飛行', 352, 52, 90, 55, 58, 62, 60, 1, '無', ''),
(118, '伽勒爾大蔥鴨', '格鬥', '', 377, 52, 95, 55, 58, 62, 55, 8, '無', ''),
(119, '嘟嘟', '一般', '飛行', 310, 35, 85, 45, 35, 35, 75, 1, '無', ''),
(120, '嘟嘟利', '一般', '飛行', 460, 60, 110, 70, 60, 60, 100, 1, '無', ''),
(121, '小海獅', '水', '', 325, 65, 45, 55, 45, 70, 45, 1, '無', ''),
(122, '白海獅', '水', '冰', 475, 90, 70, 80, 70, 95, 70, 1, '無', ''),
(123, '臭泥', '毒', '', 325, 80, 80, 50, 40, 50, 25, 1, '無', ''),
(124, '阿羅拉臭泥', '毒', '惡', 325, 80, 80, 50, 40, 50, 25, 7, '無', ''),
(125, '臭臭泥', '毒', '', 500, 105, 105, 75, 65, 100, 50, 1, '無', ''),
(126, '阿羅拉臭臭泥', '毒', '惡', 500, 105, 105, 75, 65, 100, 50, 7, '無', ''),
(127, '大舌貝', '水', '', 305, 30, 65, 100, 45, 25, 40, 1, '無', ''),
(128, '刺甲貝', '水', '冰', 525, 50, 95, 180, 85, 45, 70, 1, '無', ''),
(129, '鬼斯', '幽靈', '毒', 310, 30, 35, 30, 100, 35, 80, 1, '無', ''),
(130, '鬼斯通', '幽靈', '毒', 405, 45, 50, 45, 115, 55, 95, 1, '無', ''),
(131, '耿鬼', '幽靈', '毒', 500, 60, 65, 60, 130, 75, 110, 1, '無', ''),
(132, '超進化耿鬼', '幽靈', '毒', 600, 60, 65, 80, 170, 95, 130, 1, '無', ''),
(133, '超極巨化耿鬼', '幽靈', '毒', 500, 60, 65, 60, 130, 75, 110, 1, '無', ''),
(134, '大岩蛇', '岩石', '地面', 385, 35, 45, 160, 30, 45, 70, 1, '無', ''),
(135, '催眠貘', '超能力', '', 328, 60, 48, 45, 43, 90, 42, 1, '無', ''),
(136, '引夢貘人', '超能力', '', 483, 85, 73, 70, 73, 115, 67, 1, '無', ''),
(137, '大鉗蟹', '水', '', 325, 30, 105, 90, 25, 25, 50, 1, '無', ''),
(138, '巨鉗蟹', '水', '', 475, 55, 130, 115, 50, 50, 75, 1, '無', ''),
(139, '超極巨化巨鉗蟹', '水', '', 475, 55, 130, 115, 50, 50, 75, 1, '無', ''),
(140, '雷電球', '電', '', 330, 40, 30, 50, 55, 55, 100, 1, '無', ''),
(141, '頑皮雷彈', '電', '', 480, 60, 50, 70, 80, 80, 140, 1, '無', ''),
(142, '蛋蛋', '草', '超能力', 325, 60, 40, 80, 60, 45, 40, 1, '無', ''),
(143, '椰蛋樹', '草', '超能力', 520, 95, 95, 85, 125, 65, 55, 1, '無', ''),
(144, '阿羅拉椰蛋樹', '草', '龍', 530, 95, 105, 85, 125, 75, 45, 7, '無', ''),
(145, '卡拉卡拉', '地面', '', 320, 50, 50, 95, 40, 50, 35, 1, '無', ''),
(146, '嘎啦嘎啦', '地面', '', 425, 60, 80, 110, 50, 80, 45, 1, '無', ''),
(147, '阿羅拉嘎啦嘎啦', '火', '幽靈', 425, 60, 80, 110, 50, 80, 45, 7, '無', ''),
(148, '飛腿郎', '格鬥', '', 455, 50, 120, 53, 35, 110, 87, 1, '無', ''),
(149, '快拳郎', '格鬥', '', 455, 50, 105, 79, 35, 110, 76, 1, '無', ''),
(150, '大舌頭', '一般', '', 385, 90, 55, 75, 60, 75, 30, 1, '無', ''),
(151, '瓦斯彈', '毒', '', 340, 40, 65, 95, 60, 45, 35, 1, '無', ''),
(152, '雙彈瓦斯', '毒', '', 490, 65, 90, 120, 85, 70, 60, 1, '無', ''),
(153, '伽勒爾雙彈瓦斯', '毒', '妖精', 490, 65, 90, 120, 85, 70, 60, 8, '無', ''),
(154, '獨角犀牛', '地面', '岩石', 345, 80, 85, 95, 30, 30, 25, 1, '無', ''),
(155, '鑽角犀獸', '地面', '岩石', 485, 105, 130, 120, 45, 45, 40, 1, '無', ''),
(156, '吉利蛋', '一般', '', 450, 250, 5, 5, 35, 105, 50, 1, '無', ''),
(157, '蔓藤怪', '草', '', 435, 65, 55, 115, 100, 40, 60, 1, '無', ''),
(158, '袋獸', '一般', '', 490, 105, 95, 80, 40, 80, 90, 1, '無', ''),
(159, '超進化袋獸', '一般', '', 590, 105, 125, 100, 60, 100, 100, 1, '無', ''),
(160, '墨海馬', '水', '', 295, 30, 40, 70, 70, 25, 60, 1, '無', ''),
(161, '海刺龍', '水', '', 440, 55, 65, 95, 95, 45, 85, 1, '無', ''),
(162, '角金魚', '水', '', 320, 45, 67, 60, 35, 50, 63, 1, '無', ''),
(163, '金魚王', '水', '', 450, 80, 92, 65, 65, 80, 68, 1, '無', ''),
(164, '海星星', '水', '', 340, 30, 45, 55, 70, 55, 85, 1, '無', ''),
(165, '寶石海星', '水', '超能力', 520, 60, 75, 85, 100, 85, 115, 1, '無', ''),
(166, '魔牆人偶', '超能力', '妖精', 460, 40, 45, 65, 100, 120, 90, 1, '無', ''),
(167, '伽勒爾魔牆人偶', '冰', '超能力', 460, 50, 65, 65, 90, 90, 100, 8, '無', ''),
(168, '飛天螳螂', '蟲', '飛行', 500, 70, 110, 80, 55, 80, 105, 1, '無', ''),
(169, '迷唇姐', '冰', '超能力', 455, 65, 50, 35, 115, 95, 95, 1, '無', ''),
(170, '電擊獸', '電', '', 490, 65, 83, 57, 95, 85, 105, 1, '無', ''),
(171, '鴨嘴火龍', '火', '', 495, 65, 95, 57, 100, 85, 93, 1, '無', ''),
(172, '凱羅斯', '蟲', '', 500, 65, 125, 100, 55, 70, 85, 1, '無', ''),
(173, '超進化凱羅斯', '蟲', '飛行', 600, 65, 155, 120, 65, 90, 105, 1, '無', ''),
(174, '肯泰羅', '一般', '', 490, 75, 100, 95, 40, 70, 110, 1, '無', ''),
(175, '鯉魚王', '水', '', 200, 20, 10, 55, 15, 20, 80, 1, '無', ''),
(176, '暴鯉龍', '水', '飛行', 540, 95, 125, 79, 60, 100, 81, 1, '無', ''),
(177, '超進化暴鯉龍', '水', '惡', 640, 95, 155, 109, 70, 130, 81, 1, '無', ''),
(178, '拉普拉斯', '水', '冰', 535, 130, 85, 80, 85, 95, 60, 1, '無', ''),
(179, '超極巨化拉普拉斯', '水', '冰', 535, 130, 85, 80, 85, 95, 60, 1, '無', ''),
(180, '百變怪', '一般', '', 288, 48, 48, 48, 48, 48, 48, 1, '無', ''),
(181, '伊布', '一般', '', 325, 55, 55, 50, 45, 65, 55, 1, '無', ''),
(182, '超極巨化伊布', '一般', '', 325, 55, 55, 50, 45, 65, 55, 1, '無', ''),
(183, '水伊布', '水', '', 525, 130, 65, 60, 110, 95, 65, 1, '無', ''),
(184, '雷伊布', '電', '', 525, 65, 65, 60, 110, 95, 130, 1, '無', ''),
(185, '火伊布', '火', '', 525, 65, 130, 60, 95, 110, 65, 1, '無', ''),
(186, '多邊獸', '一般', '', 395, 65, 60, 70, 85, 75, 40, 1, '無', ''),
(187, '菊石獸', '岩石', '水', 355, 35, 40, 100, 90, 55, 35, 1, '無', ''),
(188, '多刺菊石獸', '岩石', '水', 495, 70, 60, 125, 115, 70, 55, 1, '無', ''),
(189, '化石盔', '岩石', '水', 355, 30, 80, 90, 55, 45, 55, 1, '無', ''),
(190, '鐮刀盔', '岩石', '水', 495, 60, 115, 105, 65, 70, 80, 1, '無', ''),
(191, '化石翼龍', '岩石', '飛行', 515, 80, 105, 65, 60, 75, 130, 1, '無', ''),
(192, '超進化化石翼龍', '岩石', '飛行', 615, 80, 135, 85, 70, 95, 150, 1, '無', ''),
(193, '卡比獸', '一般', '', 540, 160, 110, 65, 65, 110, 30, 1, '無', ''),
(194, '超極巨化卡比獸', '一般', '', 540, 160, 110, 65, 65, 110, 30, 1, '無', ''),
(195, '急凍鳥', '冰', '飛行', 580, 90, 85, 100, 95, 125, 85, 1, '有', ''),
(196, '伽勒爾急凍鳥', '超能力', '飛行', 580, 90, 85, 85, 125, 100, 95, 8, '有', ''),
(197, '閃電鳥', '電', '飛行', 580, 90, 90, 85, 125, 90, 100, 1, '有', ''),
(198, '伽勒爾閃電鳥', '格鬥', '飛行', 580, 90, 125, 90, 85, 90, 100, 8, '有', ''),
(199, '火焰鳥', '火', '飛行', 580, 90, 100, 90, 125, 85, 90, 1, '有', ''),
(200, '伽勒爾火焰鳥', '惡', '飛行', 580, 90, 85, 90, 100, 125, 90, 8, '有', ''),
(201, '迷你龍', '龍', '', 300, 41, 64, 45, 50, 50, 50, 1, '無', ''),
(202, '哈克龍', '龍', '', 420, 61, 84, 65, 70, 70, 70, 1, '無', ''),
(203, '快龍', '龍', '飛行', 600, 91, 134, 95, 100, 100, 80, 1, '無', ''),
(204, '超夢', '超能力', '', 680, 106, 110, 90, 154, 90, 130, 1, '有', ''),
(205, '超進化超夢X', '超能力', '格鬥', 780, 106, 190, 100, 154, 100, 130, 1, '有', ''),
(206, '超進化超夢Y', '超能力', '', 780, 106, 150, 70, 194, 120, 140, 1, '有', ''),
(207, '夢幻', '超能力', '', 600, 100, 100, 100, 100, 100, 100, 1, '有', ''),
(208, '菊草葉', '草', '', 318, 45, 49, 65, 49, 65, 45, 2, '無', ''),
(209, '月桂葉', '草', '', 405, 60, 62, 80, 63, 80, 60, 2, '無', ''),
(210, '大竺葵', '草', '', 525, 80, 82, 100, 83, 100, 80, 2, '無', ''),
(211, '火球鼠', '火', '', 309, 39, 52, 43, 60, 50, 65, 2, '無', ''),
(212, '火岩鼠', '火', '', 405, 58, 64, 58, 80, 65, 80, 2, '無', ''),
(213, '火爆獸', '火', '', 534, 78, 84, 78, 109, 85, 100, 2, '無', ''),
(214, '小鋸鱷', '水', '', 314, 50, 65, 64, 44, 48, 43, 2, '無', ''),
(215, '藍鱷', '水', '', 405, 65, 80, 80, 59, 63, 58, 2, '無', ''),
(216, '大力鱷', '水', '', 530, 85, 105, 100, 79, 83, 78, 2, '無', ''),
(217, '尾立', '一般', '', 215, 35, 46, 34, 35, 45, 20, 2, '無', ''),
(218, '大尾立', '一般', '', 415, 85, 76, 64, 45, 55, 90, 2, '無', ''),
(219, '咕咕', '一般', '飛行', 262, 60, 30, 30, 36, 56, 50, 2, '無', ''),
(220, '貓頭夜鷹', '一般', '飛行', 442, 100, 50, 50, 76, 96, 70, 2, '無', ''),
(221, '芭瓢蟲', '蟲', '飛行', 265, 40, 20, 30, 40, 80, 55, 2, '無', ''),
(222, '安瓢蟲', '蟲', '飛行', 390, 55, 35, 50, 55, 110, 85, 2, '無', ''),
(223, '圓絲蛛', '蟲', '毒', 250, 40, 60, 40, 40, 40, 30, 2, '無', ''),
(224, '阿利多斯', '蟲', '毒', 390, 70, 90, 70, 60, 60, 40, 2, '無', ''),
(225, '叉字蝠', '毒', '飛行', 535, 85, 90, 80, 70, 80, 130, 2, '無', ''),
(226, '燈籠魚', '水', '電', 330, 75, 38, 38, 56, 56, 67, 2, '無', ''),
(227, '電燈怪', '水', '電', 460, 125, 58, 58, 76, 76, 67, 2, '無', ''),
(228, '皮丘', '電', '', 205, 20, 40, 15, 35, 35, 60, 2, '無', ''),
(229, '皮寶寶', '妖精', '', 218, 50, 25, 28, 45, 55, 15, 2, '無', ''),
(230, '寶寶丁', '一般', '妖精', 210, 90, 30, 15, 40, 20, 15, 2, '無', ''),
(231, '波克比', '妖精', '', 245, 35, 20, 65, 40, 65, 20, 2, '無', ''),
(232, '波克基古', '妖精', '飛行', 405, 55, 40, 85, 80, 105, 40, 2, '無', ''),
(233, '天然雀', '超能力', '飛行', 320, 40, 50, 45, 70, 45, 70, 2, '無', ''),
(234, '天然鳥', '超能力', '飛行', 470, 65, 75, 70, 95, 70, 95, 2, '無', ''),
(235, '咩利羊', '電', '', 280, 55, 40, 40, 65, 45, 35, 2, '無', ''),
(236, '茸茸羊', '電', '', 365, 70, 55, 55, 80, 60, 45, 2, '無', ''),
(237, '電龍', '電', '', 510, 90, 75, 85, 115, 90, 55, 2, '無', ''),
(238, '超進化電龍', '電', '龍', 610, 90, 95, 105, 165, 110, 45, 2, '無', ''),
(239, '美麗花', '草', '', 490, 75, 80, 95, 90, 100, 50, 2, '無', ''),
(240, '瑪力露', '水', '妖精', 250, 70, 20, 50, 20, 50, 40, 2, '無', ''),
(241, '瑪力露麗', '水', '妖精', 420, 100, 50, 80, 60, 80, 50, 2, '無', ''),
(242, '樹才怪', '岩石', '', 410, 70, 100, 115, 30, 65, 30, 2, '無', ''),
(243, '蚊香蛙皇', '水', '', 500, 90, 75, 75, 90, 100, 70, 2, '無', ''),
(244, '毽子草', '草', '飛行', 250, 35, 35, 40, 35, 55, 50, 2, '無', ''),
(245, '毽子花', '草', '飛行', 340, 55, 45, 50, 45, 65, 80, 2, '無', ''),
(246, '毽子棉', '草', '飛行', 460, 75, 55, 70, 55, 95, 110, 2, '無', ''),
(247, '長尾怪手', '一般', '', 360, 55, 70, 55, 40, 55, 85, 2, '無', ''),
(248, '向日種子', '草', '', 180, 30, 30, 30, 30, 30, 30, 2, '無', ''),
(249, '向日花怪', '草', '', 425, 75, 75, 55, 105, 85, 30, 2, '無', ''),
(250, '蜻蜻蜓', '蟲', '飛行', 390, 65, 65, 45, 75, 45, 95, 2, '無', ''),
(251, '烏波', '水', '地面', 210, 55, 45, 45, 25, 25, 15, 2, '無', ''),
(252, '沼王', '水', '地面', 430, 95, 85, 85, 65, 65, 35, 2, '無', ''),
(253, '太陽伊布', '超能力', '', 525, 65, 65, 60, 130, 95, 110, 2, '無', ''),
(254, '月亮伊布', '惡', '', 525, 95, 65, 110, 60, 130, 65, 2, '無', ''),
(255, '黑暗鴉', '惡', '飛行', 405, 60, 85, 42, 85, 42, 91, 2, '無', ''),
(256, '呆呆王', '水', '超能力', 490, 95, 75, 80, 100, 110, 30, 2, '無', ''),
(257, '伽勒爾呆呆王', '毒', '超能力', 490, 95, 65, 80, 110, 110, 30, 8, '無', ''),
(258, '夢妖', '幽靈', '', 435, 60, 60, 60, 85, 85, 85, 2, '無', ''),
(259, '未知圖騰', '超能力', '', 336, 48, 72, 48, 72, 48, 48, 2, '無', ''),
(260, '果然翁', '超能力', '', 405, 190, 33, 58, 33, 58, 33, 2, '無', ''),
(261, '麒麟奇', '一般', '超能力', 455, 70, 80, 65, 90, 65, 85, 2, '無', ''),
(262, '榛果球', '蟲', '', 290, 50, 65, 90, 35, 35, 15, 2, '無', ''),
(263, '佛烈托斯', '蟲', '銅', 465, 75, 90, 140, 60, 60, 40, 2, '無', ''),
(264, '夢妖', '一般', '', 415, 100, 70, 70, 65, 65, 45, 2, '無', ''),
(265, '天蠍', '地面', '飛行', 430, 65, 75, 105, 35, 65, 85, 2, '無', ''),
(266, '大鋼蛇', '銅', '地面', 510, 75, 85, 200, 55, 65, 30, 2, '無', ''),
(267, '超級大鋼蛇', '銅', '地面', 610, 75, 125, 230, 55, 95, 30, 2, '無', ''),
(268, '布魯', '妖精', '', 300, 60, 80, 50, 40, 40, 30, 2, '無', ''),
(269, '布魯皇', '妖精', '', 450, 90, 120, 75, 60, 60, 45, 2, '無', ''),
(270, '千針魚', '水', '毒', 430, 65, 95, 75, 55, 55, 85, 2, '無', ''),
(271, '巨鉗螳螂', '蟲', '銅', 500, 70, 130, 100, 55, 80, 65, 2, '無', ''),
(272, '超級巨鉗螳螂', '蟲', '銅', 600, 70, 150, 140, 65, 100, 75, 2, '無', ''),
(273, '壺壺', '蟲', '岩石', 505, 20, 10, 230, 10, 230, 5, 2, '無', ''),
(274, '赫拉克羅斯', '蟲', '格鬥', 500, 80, 125, 75, 40, 95, 85, 2, '無', ''),
(275, '超級赫拉克羅斯', '蟲', '格鬥', 600, 80, 185, 115, 40, 105, 75, 2, '無', ''),
(276, '狃拉', '惡', '冰', 430, 55, 95, 55, 35, 75, 115, 2, '無', ''),
(277, '熊寶寶', '一般', '', 330, 60, 80, 50, 50, 50, 40, 2, '無', ''),
(278, '圈圈熊', '一般', '', 500, 90, 130, 75, 75, 75, 55, 2, '無', ''),
(279, '熔岩蟲', '火', '', 250, 40, 40, 40, 70, 40, 20, 2, '無', ''),
(280, '熔岩蝸牛', '火', '岩石', 410, 50, 50, 120, 80, 80, 30, 2, '無', ''),
(281, '小山豬', '冰', '地面', 250, 50, 50, 40, 30, 30, 50, 2, '無', ''),
(282, '長毛豬', '冰', '地面', 450, 100, 100, 80, 60, 60, 50, 2, '無', ''),
(283, '太陽珊瑚', '水', '岩石', 380, 55, 55, 85, 65, 85, 35, 2, '無', ''),
(284, '伽勒爾太陽珊瑚', '幽靈', '', 380, 60, 55, 100, 65, 100, 30, 8, '無', ''),
(285, '鐵炮魚', '水', '', 300, 35, 65, 35, 65, 35, 65, 2, '無', ''),
(286, '章魚桶', '水', '', 480, 75, 105, 75, 105, 75, 45, 2, '無', ''),
(287, '信使鳥', '冰', '飛行', 330, 45, 55, 45, 65, 45, 75, 2, '無', ''),
(288, '巨翅飛魚', '水', '飛行', 465, 65, 40, 70, 80, 140, 70, 2, '無', ''),
(289, '盔甲鳥', '銅', '飛行', 465, 65, 80, 140, 40, 70, 70, 2, '無', ''),
(290, '戴魯比', '惡', '火', 330, 45, 60, 30, 80, 50, 65, 2, '無', ''),
(291, '黑魯加', '惡', '火', 500, 75, 90, 50, 110, 80, 95, 2, '無', ''),
(292, '超級黑魯加', '惡', '火', 600, 75, 90, 90, 140, 90, 115, 2, '無', ''),
(293, '刺龍王', '水', '龍', 540, 75, 95, 95, 95, 95, 85, 2, '無', ''),
(294, '小小象', '地面', '', 330, 90, 60, 60, 40, 40, 40, 2, '無', ''),
(295, '頓甲', '地面', '', 500, 90, 120, 120, 60, 60, 50, 2, '無', ''),
(296, '多邊獸Ⅱ', '一般', '', 515, 85, 80, 90, 105, 95, 60, 2, '無', ''),
(297, '驚角鹿', '一般', '', 465, 73, 95, 62, 85, 65, 85, 2, '無', ''),
(298, '圖圖犬', '一般', '', 250, 55, 20, 35, 20, 45, 75, 2, '無', ''),
(299, '無畏小子', '格鬥', '', 210, 35, 35, 35, 35, 35, 35, 2, '無', ''),
(300, '戰舞郎', '格鬥', '', 455, 50, 95, 95, 35, 110, 70, 2, '無', ''),
(301, '迷唇娃', '冰', '超能力', 305, 45, 30, 15, 85, 65, 65, 2, '無', ''),
(302, '小電獺', '電', '', 360, 45, 63, 37, 65, 55, 95, 2, '無', ''),
(303, '鴨嘴寶寶', '火', '', 365, 45, 75, 37, 70, 55, 83, 2, '無', ''),
(304, '大奶罐', '一般', '', 490, 95, 80, 105, 40, 70, 100, 2, '無', ''),
(305, '幸福蛋', '一般', '', 540, 255, 10, 10, 75, 135, 55, 2, '無', ''),
(306, '雷公', '電', '', 580, 90, 85, 75, 115, 100, 115, 2, '有', ''),
(307, '炎帝', '火', '', 580, 115, 115, 85, 90, 75, 100, 2, '有', ''),
(308, '水君', '水', '', 580, 100, 75, 115, 90, 115, 85, 2, '有', ''),
(309, '幼基拉斯', '岩石', '地面', 300, 50, 64, 50, 45, 50, 41, 2, '無', ''),
(310, '沙基拉斯', '岩石', '地面', 410, 70, 84, 70, 65, 70, 51, 2, '無', ''),
(311, '班基拉斯', '岩石', '惡', 600, 100, 134, 110, 95, 100, 61, 2, '無', ''),
(312, '超級班基拉斯', '岩石', '惡', 700, 100, 164, 150, 95, 120, 71, 2, '無', ''),
(313, '洛奇亞', '超能力', '飛行', 680, 106, 90, 130, 90, 154, 110, 2, '有', ''),
(314, '鳳王', '火', '飛行', 680, 106, 130, 90, 110, 154, 90, 2, '有', ''),
(315, '時拉比', '超能力', '草', 600, 100, 100, 100, 100, 100, 100, 2, '有', ''),
(316, '木守宮', '草', '', 310, 40, 45, 35, 65, 55, 70, 3, '無', ''),
(317, '森林蜥蜴', '草', '', 405, 50, 65, 45, 85, 65, 95, 3, '無', ''),
(318, '蜥蜴王', '草', '', 530, 70, 85, 65, 105, 85, 120, 3, '無', ''),
(319, '超級蜥蜴王', '草', '龍', 630, 70, 110, 75, 145, 85, 145, 3, '無', ''),
(320, '火稚雞', '火', '', 310, 45, 60, 40, 70, 50, 45, 3, '無', ''),
(321, '力壯雞', '火', '格鬥', 405, 60, 85, 60, 85, 60, 55, 3, '無', ''),
(322, '火焰雞', '火', '格鬥', 530, 80, 120, 70, 110, 70, 80, 3, '無', ''),
(323, '超級火焰雞', '火', '格鬥', 630, 80, 160, 80, 130, 80, 100, 3, '無', ''),
(324, '水躍魚', '水', '', 310, 50, 70, 50, 50, 50, 40, 3, '無', ''),
(325, '沼躍魚', '水', '地面', 405, 70, 85, 70, 60, 70, 50, 3, '無', ''),
(326, '巨沼怪', '水', '地面', 535, 100, 110, 90, 85, 90, 60, 3, '無', ''),
(327, '超級巨沼怪', '水', '地面', 635, 100, 150, 110, 95, 110, 70, 3, '無', ''),
(328, '土狼犬', '惡', '', 220, 35, 55, 35, 30, 30, 35, 3, '無', ''),
(329, '大狼犬', '惡', '', 420, 70, 90, 70, 60, 60, 70, 3, '無', ''),
(330, '蛇紋熊', '一般', '', 240, 38, 30, 41, 30, 41, 60, 3, '無', ''),
(331, '伽勒爾蛇紋熊', '惡', '一般', 240, 38, 30, 41, 30, 41, 60, 8, '無', ''),
(332, '直衝熊', '一般', '', 420, 78, 70, 61, 50, 61, 100, 3, '無', ''),
(333, '伽勒爾直衝熊', '惡', '一般', 420, 78, 70, 61, 50, 61, 100, 8, '無', ''),
(334, '刺尾蟲', '蟲', '', 195, 45, 45, 35, 20, 30, 20, 3, '無', ''),
(335, '甲殼繭', '蟲', '', 205, 50, 35, 55, 25, 25, 15, 3, '無', ''),
(336, '狩獵鳳蝶', '蟲', '飛行', 395, 60, 70, 50, 100, 50, 65, 3, '無', ''),
(337, '盾甲繭', '蟲', '', 205, 50, 35, 55, 25, 25, 15, 3, '無', ''),
(338, '毒粉蛾', '蟲', '毒', 385, 60, 50, 70, 50, 90, 65, 3, '無', ''),
(339, '蓮葉童子', '水', '草', 220, 40, 30, 30, 40, 50, 30, 3, '無', ''),
(340, '蓮帽小童', '水', '草', 340, 60, 50, 50, 60, 70, 50, 3, '無', ''),
(341, '樂天河童', '水', '草', 480, 80, 70, 70, 90, 100, 70, 3, '無', ''),
(342, '橡實果', '草', '', 220, 40, 40, 50, 30, 30, 30, 3, '無', ''),
(343, '長鼻葉', '草', '惡', 340, 70, 70, 40, 60, 40, 60, 3, '無', ''),
(344, '狡猾天狗', '草', '惡', 480, 90, 100, 60, 90, 60, 80, 3, '無', ''),
(345, '傲骨燕', '一般', '飛行', 270, 40, 55, 30, 30, 30, 85, 3, '無', ''),
(346, '大王燕', '一般', '飛行', 430, 60, 85, 60, 50, 50, 125, 3, '無', ''),
(347, '長翅鷗', '水', '飛行', 270, 40, 30, 30, 55, 30, 85, 3, '無', ''),
(348, '大嘴鷗', '水', '飛行', 430, 60, 50, 100, 85, 70, 65, 3, '無', ''),
(349, '拉魯拉絲', '超能力', '妖精', 198, 28, 25, 25, 45, 35, 40, 3, '無', ''),
(350, '奇魯莉安', '超能力', '妖精', 278, 38, 35, 35, 65, 55, 50, 3, '無', ''),
(351, '沙奈朵', '超能力', '妖精', 518, 68, 65, 65, 125, 115, 80, 3, '無', ''),
(352, '超級沙奈朵', '超能力', '妖精', 618, 68, 85, 65, 165, 135, 100, 3, '無', ''),
(353, '溜溜糖球', '蟲', '水', 269, 40, 30, 32, 50, 52, 65, 3, '無', ''),
(354, '雨翅蛾', '蟲', '飛行', 414, 70, 60, 62, 80, 82, 60, 3, '無', ''),
(355, '蘑蘑菇', '草', '', 295, 60, 40, 60, 40, 60, 35, 3, '無', ''),
(356, '斗笠菇', '草', '格鬥', 460, 60, 130, 80, 60, 60, 70, 3, '無', ''),
(357, '懶人獺', '一般', '', 280, 60, 60, 60, 35, 35, 30, 3, '無', ''),
(358, '過動猿', '一般', '', 440, 80, 80, 80, 55, 55, 90, 3, '無', ''),
(359, '請假王', '一般', '', 670, 150, 160, 100, 95, 65, 100, 3, '無', ''),
(360, '土居忍士', '蟲', '地面', 266, 31, 45, 90, 30, 30, 40, 3, '無', ''),
(361, '鐵面忍者', '蟲', '飛行', 456, 61, 90, 45, 50, 50, 160, 3, '無', ''),
(362, '脫殼忍者', '蟲', '幽靈', 236, 1, 90, 45, 30, 30, 40, 3, '無', ''),
(363, '咕妞妞', '一般', '', 240, 64, 51, 23, 51, 23, 28, 3, '無', ''),
(364, '吼爆彈', '一般', '', 360, 84, 71, 43, 71, 43, 48, 3, '無', ''),
(365, '爆音怪', '一般', '', 490, 104, 91, 63, 91, 73, 68, 3, '無', ''),
(366, '幕下力士', '格鬥', '', 237, 72, 60, 30, 20, 30, 25, 3, '無', ''),
(367, '鐵掌力士', '格鬥', '', 474, 144, 120, 60, 40, 60, 50, 3, '無', ''),
(368, '露力麗', '一般', '妖精', 190, 50, 20, 40, 20, 40, 20, 3, '無', ''),
(369, '朝北鼻', '岩石', '', 375, 30, 45, 135, 45, 90, 30, 3, '無', ''),
(370, '向尾喵', '一般', '', 260, 50, 45, 45, 35, 35, 50, 3, '無', ''),
(371, '優雅貓', '一般', '', 380, 70, 65, 65, 55, 55, 70, 3, '無', ''),
(372, '勾魂眼', '惡', '幽靈', 380, 50, 75, 75, 65, 65, 50, 3, '無', ''),
(373, '超級勾魂眼', '惡', '幽靈', 480, 50, 85, 125, 85, 115, 20, 3, '無', ''),
(374, '大嘴娃', '銅', '妖精', 380, 50, 85, 85, 55, 55, 50, 3, '無', ''),
(375, '超級大嘴娃', '銅', '妖精', 480, 50, 105, 125, 55, 95, 50, 3, '無', ''),
(376, '可可多拉', '銅', '岩石', 330, 50, 70, 100, 40, 40, 30, 3, '無', ''),
(377, '可多拉', '銅', '岩石', 430, 60, 90, 140, 50, 50, 40, 3, '無', ''),
(378, '波士可多拉', '銅', '岩石', 530, 70, 110, 180, 60, 60, 50, 3, '無', ''),
(379, '超級波士可多拉', '銅', '', 630, 70, 140, 230, 60, 80, 50, 3, '無', ''),
(380, '瑪沙那', '格鬥', '超能力', 280, 30, 40, 55, 40, 55, 60, 3, '無', ''),
(381, '恰雷姆', '格鬥', '超能力', 410, 60, 60, 75, 60, 75, 80, 3, '無', ''),
(382, '超級恰雷姆', '格鬥', '超能力', 510, 60, 100, 85, 80, 85, 100, 3, '無', ''),
(383, '落雷獸', '電', '', 295, 40, 45, 40, 65, 40, 65, 3, '無', ''),
(384, '雷電獸', '電', '', 475, 70, 75, 60, 105, 60, 105, 3, '無', ''),
(385, '超級雷電獸', '電', '', 575, 70, 75, 80, 135, 80, 135, 3, '無', ''),
(386, '正電拍拍', '電', '', 405, 60, 50, 40, 85, 75, 95, 3, '無', ''),
(387, '負電拍拍', '電', '', 405, 60, 40, 50, 75, 85, 95, 3, '無', ''),
(388, '電螢蟲', '蟲', '', 400, 65, 73, 55, 47, 75, 85, 3, '無', ''),
(389, '甜甜螢', '蟲', '', 400, 65, 47, 55, 73, 75, 85, 3, '無', ''),
(390, '毒薔薇', '草', '毒', 400, 50, 60, 45, 100, 80, 65, 3, '無', ''),
(391, '溶食獸', '毒', '', 302, 70, 43, 53, 43, 53, 40, 3, '無', ''),
(392, '吞食獸', '毒', '', 467, 100, 73, 83, 73, 83, 55, 3, '無', ''),
(393, '利牙魚', '水', '惡', 305, 45, 90, 20, 65, 20, 65, 3, '無', ''),
(394, '巨牙鯊', '水', '惡', 460, 70, 120, 40, 95, 40, 95, 3, '無', ''),
(395, '超級巨牙鯊', '水', '惡', 560, 70, 140, 70, 110, 65, 105, 3, '無', ''),
(396, '吼吼鯨', '水', '', 400, 130, 70, 35, 70, 35, 60, 3, '無', ''),
(397, '吼鯨王', '水', '', 500, 170, 90, 45, 90, 45, 60, 3, '無', ''),
(398, '呆火駝', '火', '地面', 305, 60, 60, 40, 65, 45, 35, 3, '無', ''),
(399, '噴火駝', '火', '地面', 460, 70, 100, 70, 105, 75, 40, 3, '無', ''),
(400, '超級噴火駝', '火', '地面', 560, 70, 120, 100, 145, 105, 20, 3, '無', ''),
(401, '煤炭龜', '火', '', 470, 70, 85, 140, 85, 70, 20, 3, '無', ''),
(402, '跳跳豬', '超能力', '', 330, 60, 25, 35, 70, 80, 60, 3, '無', ''),
(403, '噗噗豬', '超能力', '', 470, 80, 45, 65, 90, 110, 80, 3, '無', ''),
(404, '晃晃斑', '一般', '', 360, 60, 60, 60, 60, 60, 60, 3, '無', ''),
(405, '大顎蟻', '地面', '', 290, 45, 100, 45, 45, 45, 10, 3, '無', ''),
(406, '超音波幼蟲', '地面', '龍', 340, 50, 70, 50, 50, 50, 70, 3, '無', ''),
(407, '沙漠蜻蜓', '地面', '龍', 520, 80, 100, 80, 80, 80, 100, 3, '無', ''),
(408, '刺球仙人掌', '草', '', 335, 50, 85, 40, 85, 40, 35, 3, '無', ''),
(409, '夢歌仙人掌', '草', '惡', 475, 70, 115, 60, 115, 60, 55, 3, '無', ''),
(410, '青綿鳥', '一般', '飛行', 310, 45, 40, 60, 40, 75, 50, 3, '無', ''),
(411, '七夕青鳥', '龍', '飛行', 490, 75, 70, 90, 70, 105, 80, 3, '無', ''),
(412, '超級七夕青鳥', '龍', '妖精', 590, 75, 110, 110, 110, 105, 80, 3, '無', ''),
(413, '貓鼬斬', '一般', '', 458, 73, 115, 60, 60, 60, 90, 3, '無', ''),
(414, '飯匙蛇', '毒', '', 458, 73, 100, 60, 100, 60, 65, 3, '無', ''),
(415, '月石', '岩石', '超能力', 440, 70, 55, 65, 95, 85, 70, 3, '無', ''),
(416, '太陽岩', '岩石', '超能力', 440, 70, 95, 85, 55, 65, 70, 3, '無', ''),
(417, '泥泥鰍', '水', '地面', 288, 50, 48, 43, 46, 41, 60, 3, '無', ''),
(418, '鯰魚王', '水', '地面', 468, 110, 78, 73, 76, 71, 60, 3, '無', ''),
(419, '龍蝦小兵', '水', '', 308, 43, 80, 65, 50, 35, 35, 3, '無', ''),
(420, '鐵螯龍蝦', '水', '惡', 468, 63, 120, 85, 90, 55, 55, 3, '無', ''),
(421, '天秤偶', '地面', '超能力', 300, 40, 40, 55, 40, 70, 55, 3, '無', ''),
(422, '念力土偶', '地面', '超能力', 500, 60, 70, 105, 70, 120, 75, 3, '無', ''),
(423, '觸手百合', '岩石', '草', 355, 66, 41, 77, 61, 87, 23, 3, '無', ''),
(424, '搖籃百合', '岩石', '草', 495, 86, 81, 97, 81, 107, 43, 3, '無', ''),
(425, '太古羽蟲', '岩石', '蟲', 355, 45, 95, 50, 40, 50, 75, 3, '無', ''),
(426, '太古盔甲', '岩石', '蟲', 495, 75, 125, 100, 70, 80, 45, 3, '無', ''),
(427, '丑丑魚', '水', '', 200, 20, 15, 20, 10, 55, 80, 3, '無', ''),
(428, '美納斯', '水', '', 540, 95, 60, 79, 100, 125, 81, 3, '無', ''),
(429, '飄浮泡泡', '一般', '', 420, 70, 70, 70, 70, 70, 70, 3, '無', ''),
(430, '變隱龍', '一般', '', 440, 60, 90, 70, 60, 120, 40, 3, '無', ''),
(431, '怨影娃娃', '幽靈', '', 295, 44, 75, 35, 63, 33, 45, 3, '無', ''),
(432, '詛咒娃娃', '幽靈', '', 455, 64, 115, 65, 83, 63, 65, 3, '無', ''),
(433, '超級詛咒娃娃', '幽靈', '', 555, 64, 165, 75, 93, 83, 75, 3, '無', ''),
(434, '夜巡靈', '幽靈', '', 295, 20, 40, 90, 30, 90, 25, 3, '無', ''),
(435, '彷徨夜靈', '幽靈', '', 455, 40, 70, 130, 60, 130, 25, 3, '無', ''),
(436, '熱帶龍', '草', '飛行', 460, 99, 68, 83, 72, 87, 51, 3, '無', ''),
(437, '風鈴鈴', '超能力', '', 425, 65, 50, 70, 95, 80, 65, 3, '無', ''),
(438, '阿勃梭魯', '惡', '', 465, 65, 130, 60, 75, 60, 75, 3, '無', ''),
(439, '超級阿勃梭魯', '惡', '', 565, 65, 150, 60, 115, 60, 115, 3, '無', ''),
(440, '小果然', '超能力', '', 260, 95, 23, 48, 23, 48, 23, 3, '無', ''),
(441, '雪童子', '冰', '', 300, 50, 50, 50, 50, 50, 50, 3, '無', ''),
(442, '冰鬼護', '冰', '', 480, 80, 80, 80, 80, 80, 80, 3, '無', ''),
(443, '超級冰鬼護', '冰', '', 580, 80, 120, 80, 120, 80, 100, 3, '無', ''),
(444, '海豹球', '冰', '水', 290, 70, 40, 50, 55, 50, 25, 3, '無', ''),
(445, '海魔獅', '冰', '水', 410, 90, 60, 70, 75, 70, 45, 3, '無', ''),
(446, '帝牙海獅', '冰', '水', 530, 110, 80, 90, 95, 90, 65, 3, '無', ''),
(447, '珍珠貝', '水', '', 345, 35, 64, 85, 74, 55, 32, 3, '無', ''),
(448, '獵斑魚', '水', '', 485, 55, 104, 105, 94, 75, 52, 3, '無', ''),
(449, '櫻花魚', '水', '', 485, 55, 84, 105, 114, 75, 52, 3, '無', ''),
(450, '古空棘魚', '水', '岩石', 485, 100, 90, 130, 45, 65, 55, 3, '無', ''),
(451, '愛心魚', '水', '', 330, 43, 30, 55, 40, 65, 97, 3, '無', ''),
(452, '寶貝龍', '龍', '', 300, 45, 75, 60, 40, 30, 50, 3, '無', ''),
(453, '甲殼龍', '龍', '', 420, 65, 95, 100, 60, 50, 50, 3, '無', ''),
(454, '暴飛龍', '龍', '飛行', 600, 95, 135, 80, 110, 80, 100, 3, '無', ''),
(455, '超級暴飛龍', '龍', '飛行', 700, 95, 145, 130, 120, 90, 120, 3, '無', ''),
(456, '鐵啞鈴', '銅', '超能力', 300, 40, 55, 80, 35, 60, 30, 3, '無', ''),
(457, '金屬怪', '銅', '超能力', 420, 60, 75, 100, 55, 80, 50, 3, '無', ''),
(458, '巨金怪', '銅', '超能力', 600, 80, 135, 130, 95, 90, 70, 3, '無', ''),
(459, '超級巨金怪', '銅', '超能力', 700, 80, 145, 150, 105, 110, 110, 3, '無', ''),
(460, '雷吉洛克', '岩石', '', 580, 80, 100, 200, 50, 100, 50, 3, '有', ''),
(461, '雷吉艾斯', '冰', '', 580, 80, 50, 100, 100, 200, 50, 3, '有', ''),
(462, '雷吉斯奇魯', '銅', '', 580, 80, 75, 150, 75, 150, 50, 3, '有', ''),
(463, '拉帝亞斯', '龍', '超能力', 600, 80, 80, 90, 110, 130, 110, 3, '有', ''),
(464, '超級拉帝亞斯', '龍', '超能力', 700, 80, 100, 120, 140, 150, 110, 3, '有', ''),
(465, '拉帝歐斯', '龍', '超能力', 600, 80, 90, 80, 130, 110, 110, 3, '有', ''),
(466, '超級拉帝歐斯', '龍', '超能力', 700, 80, 130, 100, 160, 120, 110, 3, '有', ''),
(467, '蓋歐卡', '水', '', 670, 100, 100, 90, 150, 140, 90, 3, '有', ''),
(468, '原始蓋歐卡', '水', '', 770, 100, 150, 90, 180, 160, 90, 3, '有', ''),
(469, '固拉多', '地面', '', 670, 100, 150, 140, 100, 90, 90, 3, '有', ''),
(470, '原始固拉多', '地面', '火', 770, 100, 180, 160, 150, 90, 90, 3, '有', ''),
(471, '烈空坐', '龍', '飛行', 680, 105, 150, 90, 150, 90, 95, 3, '有', ''),
(472, '超級烈空坐', '龍', '飛行', 780, 105, 180, 100, 180, 100, 115, 3, '有', ''),
(473, '基拉祈', '銅', '超能力', 600, 100, 100, 100, 100, 100, 100, 3, '有', ''),
(474, '代歐奇希斯 一般型態', '超能力', '', 600, 50, 150, 50, 150, 50, 150, 3, '有', ''),
(475, '代歐奇希斯 攻擊型態', '超能力', '', 600, 50, 180, 20, 180, 20, 150, 3, '有', ''),
(476, '代歐奇希斯 防禦型態', '超能力', '', 600, 50, 70, 160, 70, 160, 90, 3, '有', ''),
(477, '代歐奇希斯 速度型態', '超能力', '', 600, 50, 95, 90, 95, 90, 180, 3, '有', ''),
(478, '草苗龜', '草', '', 318, 55, 68, 64, 45, 55, 31, 4, '無', ''),
(479, '樹林龜', '草', '', 405, 75, 89, 85, 55, 65, 36, 4, '無', ''),
(480, '土台龜', '草', '地面', 525, 95, 109, 105, 75, 85, 56, 4, '無', ''),
(481, '小火焰猴', '火', '', 309, 44, 58, 44, 58, 44, 61, 4, '無', ''),
(482, '猛火猴', '火', '格鬥', 405, 64, 78, 52, 78, 52, 81, 4, '無', ''),
(483, '烈焰猴', '火', '格鬥', 534, 76, 104, 71, 104, 71, 108, 4, '無', ''),
(484, '波加曼', '水', '', 314, 53, 51, 53, 61, 56, 40, 4, '無', ''),
(485, '波皇子', '水', '', 405, 64, 66, 68, 81, 76, 50, 4, '無', ''),
(486, '帝王拿波', '水', '銅', 530, 84, 86, 88, 111, 101, 60, 4, '無', ''),
(487, '姆克兒', '一般', '飛行', 245, 40, 55, 30, 30, 30, 60, 4, '無', ''),
(488, '姆克鳥', '一般', '飛行', 340, 55, 75, 50, 40, 40, 80, 4, '無', ''),
(489, '姆克鷹', '一般', '飛行', 485, 85, 120, 70, 50, 60, 100, 4, '無', ''),
(490, '大牙狸', '一般', '', 250, 59, 45, 40, 35, 40, 31, 4, '無', ''),
(491, '大尾狸', '一般', '水', 410, 79, 85, 60, 55, 60, 71, 4, '無', ''),
(492, '圓法師', '蟲', '', 194, 37, 25, 41, 25, 41, 25, 4, '無', ''),
(493, '音箱蟀', '蟲', '', 384, 77, 85, 51, 55, 51, 65, 4, '無', ''),
(494, '小貓怪', '電', '', 263, 45, 65, 34, 40, 34, 45, 4, '無', ''),
(495, '勒克貓', '電', '', 363, 60, 85, 49, 60, 49, 60, 4, '無', ''),
(496, '倫琴貓', '電', '', 523, 80, 120, 79, 95, 79, 70, 4, '無', ''),
(497, '含羞苞', '草', '毒', 280, 40, 30, 35, 50, 70, 55, 4, '無', ''),
(498, '羅絲雷朵', '草', '毒', 515, 60, 70, 65, 125, 105, 90, 4, '無', ''),
(499, '頭蓋龍', '岩石', '', 350, 67, 125, 40, 30, 30, 58, 4, '無', ''),
(500, '戰槌龍', '岩石', '', 495, 97, 165, 60, 65, 50, 58, 4, '無', ''),
(501, '盾甲龍', '岩石', '銅', 350, 30, 42, 118, 42, 88, 30, 4, '無', ''),
(502, '護城龍', '岩石', '銅', 495, 60, 52, 168, 47, 138, 30, 4, '無', ''),
(503, '結草兒', '蟲', '', 224, 40, 29, 45, 29, 45, 36, 4, '無', ''),
(504, '結草貴婦 植物蓑衣', '蟲', '草', 424, 60, 59, 85, 79, 105, 36, 4, '無', ''),
(505, '結草貴婦 沙地蓑衣', '蟲', '地面', 424, 60, 79, 105, 59, 85, 36, 4, '無', ''),
(506, '結草貴婦 垃圾蓑衣', '蟲', '銅', 424, 60, 69, 95, 69, 95, 36, 4, '無', ''),
(507, '紳士蛾', '蟲', '飛行', 424, 70, 94, 50, 94, 50, 66, 4, '無', ''),
(508, '三蜜蜂', '蟲', '飛行', 244, 30, 30, 42, 30, 42, 70, 4, '無', ''),
(509, '蜂女王', '蟲', '飛行', 474, 70, 80, 102, 80, 102, 40, 4, '無', ''),
(510, '帕奇利茲', '電', '', 405, 60, 45, 70, 45, 90, 95, 4, '無', ''),
(511, '泳圈鼬', '水', '', 330, 55, 65, 35, 60, 30, 85, 4, '無', ''),
(512, '浮潛鼬', '水', '', 495, 85, 105, 55, 85, 50, 115, 4, '無', ''),
(513, '櫻花寶', '草', '', 275, 45, 35, 45, 62, 53, 35, 4, '無', ''),
(514, '櫻花兒', '草', '', 450, 70, 60, 70, 87, 78, 85, 4, '無', ''),
(515, '無殼海兔', '水', '', 325, 76, 48, 48, 57, 62, 34, 4, '無', ''),
(516, '海兔獸', '水', '地面', 475, 111, 83, 68, 92, 82, 39, 4, '無', ''),
(517, '雙尾怪手', '一般', '', 482, 75, 100, 66, 60, 66, 115, 4, '無', ''),
(518, '飄飄球', '幽靈', '飛行', 348, 90, 50, 34, 60, 44, 70, 4, '無', ''),
(519, '隨風球', '幽靈', '飛行', 498, 150, 80, 44, 90, 54, 80, 4, '無', ''),
(520, '捲捲耳', '一般', '', 350, 55, 66, 44, 44, 56, 85, 4, '無', ''),
(521, '長耳兔', '一般', '', 480, 65, 76, 84, 54, 96, 105, 4, '無', ''),
(522, '超級長耳兔', '一般', '格鬥', 580, 65, 136, 94, 54, 96, 135, 4, '無', ''),
(523, '夢妖魔', '幽靈', '', 495, 60, 60, 60, 105, 105, 105, 4, '無', ''),
(524, '烏鴉頭頭', '惡', '飛行', 505, 100, 125, 52, 105, 52, 71, 4, '無', ''),
(525, '魅力喵', '一般', '', 310, 49, 55, 42, 42, 37, 85, 4, '無', ''),
(526, '東施喵', '一般', '', 452, 71, 82, 64, 64, 59, 112, 4, '無', ''),
(527, '鈴鐺響', '超能力', '', 285, 45, 30, 50, 65, 50, 45, 4, '無', ''),
(528, '臭鼬噗', '毒', '惡', 329, 63, 63, 47, 41, 41, 74, 4, '無', ''),
(529, '坦克臭鼬', '毒', '惡', 479, 103, 93, 67, 71, 61, 84, 4, '無', ''),
(530, '銅鏡怪', '銅', '超能力', 300, 57, 24, 86, 24, 86, 23, 4, '無', ''),
(531, '青銅鐘', '銅', '超能力', 500, 67, 89, 116, 79, 116, 33, 4, '無', ''),
(532, '盆才怪', '岩石', '', 290, 50, 80, 95, 10, 45, 10, 4, '無', ''),
(533, '魔尼尼', '超能力', '妖精', 310, 20, 25, 45, 70, 90, 60, 4, '無', ''),
(534, '小福蛋', '一般', '', 220, 100, 5, 5, 15, 65, 30, 4, '無', ''),
(535, '聒噪鳥', '一般', '飛行', 411, 76, 65, 45, 92, 42, 91, 4, '無', ''),
(536, '花岩怪', '幽靈', '惡', 485, 50, 92, 108, 92, 108, 35, 4, '無', ''),
(537, '圓陸鯊', '龍', '地面', 300, 58, 70, 45, 40, 45, 42, 4, '無', ''),
(538, '尖牙陸鯊', '龍', '地面', 410, 68, 90, 65, 50, 55, 82, 4, '無', ''),
(539, '烈咬陸鯊', '龍', '地面', 600, 108, 130, 95, 80, 85, 102, 4, '無', ''),
(540, '超級烈咬陸鯊', '龍', '地面', 700, 108, 170, 115, 120, 95, 92, 4, '無', ''),
(541, '小卡比獸', '一般', '', 390, 135, 85, 40, 40, 85, 5, 4, '無', ''),
(542, '利歐路', '格鬥', '', 285, 40, 70, 40, 35, 40, 60, 4, '無', ''),
(543, '路卡利歐', '格鬥', '銅', 525, 70, 110, 70, 115, 70, 90, 4, '無', ''),
(544, '超級路卡利歐', '格鬥', '銅', 625, 70, 145, 88, 140, 70, 112, 4, '無', ''),
(545, '沙河馬', '地面', '', 330, 68, 72, 78, 38, 42, 32, 4, '無', ''),
(546, '河馬獸', '地面', '', 525, 108, 112, 118, 68, 72, 47, 4, '無', ''),
(547, '鉗尾蠍', '毒', '蟲', 330, 40, 50, 90, 30, 55, 65, 4, '無', ''),
(548, '龍王蠍', '毒', '惡', 500, 70, 90, 110, 60, 75, 95, 4, '無', ''),
(549, '不良蛙', '毒', '格鬥', 300, 48, 61, 40, 61, 40, 50, 4, '無', ''),
(550, '毒骷蛙', '毒', '格鬥', 490, 83, 106, 65, 86, 65, 85, 4, '無', ''),
(551, '尖牙籠', '草', '', 454, 74, 100, 72, 90, 72, 46, 4, '無', ''),
(552, '螢光魚', '水', '', 330, 49, 49, 56, 49, 61, 66, 4, '無', ''),
(553, '霓虹魚', '水', '', 460, 69, 69, 76, 69, 86, 91, 4, '無', ''),
(554, '小球飛魚', '水', '飛行', 345, 45, 20, 50, 60, 120, 50, 4, '無', ''),
(555, '雪笠怪', '草', '冰', 334, 60, 62, 50, 62, 60, 40, 4, '無', ''),
(556, '暴雪王', '草', '冰', 494, 90, 92, 75, 92, 85, 60, 4, '無', ''),
(557, '超級暴雪王', '草', '冰', 594, 90, 132, 105, 132, 105, 30, 4, '無', ''),
(558, '瑪狃拉', '惡', '冰', 510, 70, 120, 65, 45, 85, 125, 4, '無', ''),
(559, '自爆磁怪', '電', '銅', 535, 70, 70, 115, 130, 90, 60, 4, '無', ''),
(560, '大舌舔', '一般', '', 515, 110, 85, 95, 80, 95, 50, 4, '無', ''),
(561, '超甲狂犀', '地面', '岩石', 535, 115, 140, 130, 55, 55, 40, 4, '無', ''),
(562, '巨蔓藤', '草', '', 535, 100, 100, 125, 110, 50, 50, 4, '無', ''),
(563, '電擊魔獸', '電', '', 540, 75, 123, 67, 95, 85, 95, 4, '無', ''),
(564, '鴨嘴炎獸', '火', '', 540, 75, 95, 67, 125, 95, 83, 4, '無', ''),
(565, '波克基斯', '妖精', '飛行', 545, 85, 50, 95, 120, 115, 80, 4, '無', ''),
(566, '遠古巨蜓', '蟲', '飛行', 515, 86, 76, 86, 116, 56, 95, 4, '無', ''),
(567, '葉伊布', '草', '', 525, 65, 110, 130, 60, 65, 95, 4, '無', ''),
(568, '冰伊布', '冰', '', 525, 65, 60, 110, 130, 95, 65, 4, '無', ''),
(569, '天蠍王', '地面', '飛行', 510, 75, 95, 125, 45, 75, 95, 4, '無', ''),
(570, '象牙豬', '冰', '地面', 530, 110, 130, 80, 70, 60, 80, 4, '無', ''),
(571, '多邊獸Ｚ', '一般', '', 535, 85, 80, 70, 135, 75, 90, 4, '無', ''),
(572, '艾路雷朵', '超能力', '格鬥', 518, 68, 125, 65, 65, 115, 80, 4, '無', ''),
(573, '超級艾路雷朵', '超能力', '格鬥', 618, 68, 165, 95, 65, 115, 110, 4, '無', ''),
(574, '大朝北鼻', '岩石', '銅', 525, 60, 55, 145, 75, 150, 40, 4, '無', ''),
(575, '黑夜魔靈', '幽靈', '', 525, 45, 100, 135, 65, 135, 45, 4, '無', ''),
(576, '雪妖女', '冰', '幽靈', 480, 70, 80, 70, 80, 70, 110, 4, '無', ''),
(577, '洛托姆', '電', '幽靈', 440, 50, 50, 77, 95, 77, 91, 4, '無', ''),
(578, '加熱洛托姆', '電', '火', 520, 50, 65, 107, 105, 107, 86, 4, '無', ''),
(579, '清洗洛托姆', '電', '水', 520, 50, 65, 107, 105, 107, 86, 4, '無', ''),
(580, '結冰洛托姆', '電', '冰', 520, 50, 65, 107, 105, 107, 86, 4, '無', ''),
(581, '旋轉洛托姆', '電', '飛行', 520, 50, 65, 107, 105, 107, 86, 4, '無', ''),
(582, '除草洛托姆', '電', '草', 520, 50, 65, 107, 105, 107, 86, 4, '無', ''),
(583, '由克希', '超能力', '', 580, 75, 75, 130, 75, 130, 95, 4, '有', ''),
(584, '艾姆利多', '超能力', '', 580, 80, 105, 105, 105, 105, 80, 4, '有', ''),
(585, '亞克諾姆', '超能力', '', 580, 75, 125, 70, 125, 70, 115, 4, '有', ''),
(586, '帝牙盧卡', '銅', '龍', 680, 100, 120, 120, 150, 100, 90, 4, '有', ''),
(587, '帕路奇亞', '水', '龍', 680, 90, 120, 100, 150, 120, 100, 4, '有', ''),
(588, '席多藍恩', '火', '銅', 600, 91, 90, 106, 130, 106, 77, 4, '有', ''),
(589, '雷吉奇卡斯', '一般', '', 670, 110, 160, 110, 80, 110, 100, 4, '有', ''),
(590, '騎拉帝納 變化形態', '幽靈', '龍', 680, 150, 100, 120, 100, 120, 90, 4, '有', ''),
(591, '騎拉帝納 起源形態', '幽靈', '龍', 680, 150, 120, 100, 120, 100, 90, 4, '有', ''),
(592, '克雷色利亞', '超能力', '', 600, 120, 70, 120, 75, 130, 85, 4, '有', ''),
(593, '霏歐納', '水', '', 480, 80, 80, 80, 80, 80, 80, 4, '有', ''),
(594, '瑪納霏', '水', '', 600, 100, 100, 100, 100, 100, 100, 4, '有', ''),
(595, '達克萊伊', '惡', '', 600, 70, 90, 90, 135, 90, 125, 4, '有', ''),
(596, '謝米 陸地形態', '草', '', 600, 100, 100, 100, 100, 100, 100, 4, '有', ''),
(597, '謝米 天空形態', '草', '飛行', 600, 100, 103, 75, 120, 75, 127, 4, '有', ''),
(598, '阿爾宙斯', '一般', '', 720, 120, 120, 120, 120, 120, 120, 4, '有', ''),
(599, '比克提尼', '超能力', '火', 600, 100, 100, 100, 100, 100, 100, 5, '有', ''),
(600, '藤藤蛇', '草', '', 308, 45, 45, 55, 45, 55, 63, 5, '無', ''),
(601, '青藤蛇', '草', '', 413, 60, 60, 75, 60, 75, 83, 5, '無', ''),
(602, '君主蛇', '草', '', 528, 75, 75, 95, 75, 95, 113, 5, '無', ''),
(603, '暖暖豬', '火', '', 308, 65, 63, 45, 45, 45, 45, 5, '無', ''),
(604, '炒炒豬', '火', '格鬥', 418, 90, 93, 55, 70, 55, 55, 5, '無', ''),
(605, '炎武王', '火', '格鬥', 528, 110, 123, 65, 100, 65, 65, 5, '無', ''),
(606, '海獺仔', '水', '', 308, 55, 55, 45, 63, 45, 45, 5, '無', ''),
(607, '雙刃丸', '水', '', 413, 75, 75, 60, 83, 60, 60, 5, '無', ''),
(608, '大劍鬼', '水', '', 528, 95, 100, 85, 108, 70, 70, 5, '無', ''),
(609, '探探鼠', '一般', '', 255, 45, 55, 39, 35, 39, 42, 5, '無', ''),
(610, '步哨鼠', '一般', '', 420, 60, 85, 69, 60, 69, 77, 5, '無', ''),
(611, '小約克', '一般', '', 275, 45, 60, 45, 25, 45, 55, 5, '無', ''),
(612, '哈約克', '一般', '', 370, 65, 80, 65, 35, 65, 60, 5, '無', ''),
(613, '長毛狗', '一般', '', 500, 85, 110, 90, 45, 90, 80, 5, '無', ''),
(614, '扒手貓', '惡', '', 281, 41, 50, 37, 50, 37, 66, 5, '無', ''),
(615, '酷豹', '惡', '', 446, 64, 88, 50, 88, 50, 106, 5, '無', ''),
(616, '花椰猴', '草', '', 316, 50, 53, 48, 53, 48, 64, 5, '無', ''),
(617, '花椰猿', '草', '', 498, 75, 98, 63, 98, 63, 101, 5, '無', ''),
(618, '爆香猴', '火', '', 316, 50, 53, 48, 53, 48, 64, 5, '無', ''),
(619, '爆香猿', '火', '', 498, 75, 98, 63, 98, 63, 101, 5, '無', ''),
(620, '冷水猴', '水', '', 316, 50, 53, 48, 53, 48, 64, 5, '無', ''),
(621, '冷水猿', '水', '', 498, 75, 98, 63, 98, 63, 101, 5, '無', ''),
(622, '食夢夢', '超能力', '', 292, 76, 25, 45, 67, 55, 24, 5, '無', ''),
(623, '夢夢蝕', '超能力', '', 487, 116, 55, 85, 107, 95, 29, 5, '無', ''),
(624, '豆豆鴿', '一般', '飛行', 264, 50, 55, 50, 36, 30, 43, 5, '無', ''),
(625, '咕咕鴿', '一般', '飛行', 358, 62, 77, 62, 50, 42, 65, 5, '無', ''),
(626, '高傲雉雞', '一般', '飛行', 488, 80, 115, 80, 65, 55, 93, 5, '無', ''),
(627, '斑斑馬', '電', '', 295, 45, 60, 32, 50, 32, 76, 5, '無', ''),
(628, '雷電斑馬', '電', '', 497, 75, 100, 63, 80, 63, 116, 5, '無', ''),
(629, '石丸子', '岩石', '', 280, 55, 75, 85, 25, 25, 15, 5, '無', ''),
(630, '地幔岩', '岩石', '', 390, 70, 105, 105, 50, 40, 20, 5, '無', ''),
(631, '龐岩怪', '岩石', '', 515, 85, 135, 130, 60, 80, 25, 5, '無', ''),
(632, '滾滾蝙蝠', '超能力', '飛行', 313, 55, 45, 43, 55, 43, 72, 5, '無', ''),
(633, '心蝙蝠', '超能力', '飛行', 425, 67, 57, 55, 77, 55, 114, 5, '無', ''),
(634, '螺釘地鼠', '地面', '', 328, 60, 85, 40, 30, 45, 68, 5, '無', ''),
(635, '龍頭地鼠', '地面', '銅', 508, 110, 135, 60, 50, 65, 88, 5, '無', ''),
(636, '差不多娃娃', '一般', '', 445, 103, 60, 86, 60, 86, 50, 5, '無', ''),
(637, '超級差不多娃娃', '一般', '妖精', 545, 103, 60, 126, 80, 126, 50, 5, '無', ''),
(638, '搬運小匠', '格鬥', '', 305, 75, 80, 55, 25, 35, 35, 5, '無', ''),
(639, '鐵骨土人', '格鬥', '', 405, 85, 105, 85, 40, 50, 40, 5, '無', ''),
(640, '修建老匠', '格鬥', '', 505, 105, 140, 95, 55, 65, 45, 5, '無', ''),
(641, '圓蝌蚪', '水', '', 294, 50, 50, 40, 50, 40, 64, 5, '無', ''),
(642, '藍蟾蜍', '水', '地面', 384, 75, 65, 55, 65, 55, 69, 5, '無', ''),
(643, '蟾蜍王', '水', '地面', 509, 105, 95, 75, 85, 75, 74, 5, '無', ''),
(644, '投摔鬼', '格鬥', '', 465, 120, 100, 85, 30, 85, 45, 5, '無', ''),
(645, '打擊鬼', '格鬥', '', 465, 75, 125, 75, 30, 75, 85, 5, '無', ''),
(646, '小刀洗', '蟲', '草', 310, 45, 53, 70, 40, 60, 42, 5, '無', ''),
(647, '寶包繭', '蟲', '草', 380, 55, 63, 90, 50, 80, 42, 5, '無', ''),
(648, '保母蟲', '蟲', '草', 500, 75, 103, 80, 70, 80, 92, 5, '無', ''),
(649, '百足蜈蚣', '蟲', '毒', 260, 30, 45, 59, 30, 39, 57, 5, '無', ''),
(650, '車輪毬', '蟲', '毒', 360, 40, 55, 99, 40, 79, 47, 5, '無', ''),
(651, '蜈蚣王', '蟲', '毒', 485, 60, 100, 89, 55, 69, 112, 5, '無', ''),
(652, '木棉球', '草', '妖精', 280, 40, 27, 60, 37, 50, 66, 5, '無', ''),
(653, '風妖精', '草', '妖精', 480, 60, 67, 85, 77, 75, 116, 5, '無', ''),
(654, '百合根娃娃', '草', '', 280, 45, 35, 50, 70, 50, 30, 5, '無', ''),
(655, '裙兒小姐', '草', '', 480, 70, 60, 75, 110, 75, 90, 5, '無', ''),
(656, '野蠻鱸魚', '水', '', 460, 70, 92, 65, 80, 55, 98, 5, '無', ''),
(657, '黑眼鱷', '地面', '惡', 292, 50, 72, 35, 35, 35, 65, 5, '無', ''),
(658, '混混鱷', '地面', '惡', 351, 60, 82, 45, 45, 45, 74, 5, '無', ''),
(659, '流氓鱷', '地面', '惡', 519, 95, 117, 80, 65, 70, 92, 5, '無', ''),
(660, '火紅不倒翁', '火', '', 315, 70, 90, 45, 15, 45, 50, 5, '無', ''),
(661, '伽勒爾火紅不倒翁', '冰', '', 315, 70, 90, 45, 15, 45, 50, 8, '無', ''),
(662, '達摩狒狒 一般模式', '火', '', 480, 105, 140, 55, 30, 55, 95, 5, '無', ''),
(663, '伽勒爾達摩狒狒 一般模式', '冰', '', 480, 105, 140, 55, 30, 55, 95, 8, '無', ''),
(664, '達摩狒狒 達摩模式', '火', '超能力', 540, 105, 30, 105, 140, 105, 55, 5, '無', ''),
(665, '伽勒爾達摩狒狒 達摩模式', '冰', '火', 540, 105, 160, 55, 30, 55, 135, 8, '無', ''),
(666, '沙鈴仙人掌', '草', '', 461, 75, 86, 67, 106, 67, 60, 5, '無', ''),
(667, '石居蟹', '蟲', '岩石', 325, 50, 65, 85, 35, 35, 55, 5, '無', ''),
(668, '岩殿居蟹', '蟲', '岩石', 475, 70, 95, 125, 65, 75, 45, 5, '無', ''),
(669, '滑滑小子', '惡', '格鬥', 348, 50, 75, 70, 35, 70, 48, 5, '無', ''),
(670, '頭巾混混', '惡', '格鬥', 488, 65, 90, 115, 45, 115, 58, 5, '無', ''),
(671, '象徵鳥', '超能力', '飛行', 490, 72, 58, 80, 103, 80, 97, 5, '無', ''),
(672, '哭哭面具', '幽靈', '', 303, 38, 30, 85, 55, 65, 30, 5, '無', ''),
(673, '伽勒爾哭哭面具', '地面', '幽靈', 303, 38, 55, 85, 30, 65, 30, 8, '無', ''),
(674, '死神棺', '幽靈', '', 483, 58, 50, 145, 95, 105, 30, 5, '無', ''),
(675, '原蓋海龜', '水', '岩石', 355, 54, 78, 103, 53, 45, 22, 5, '無', ''),
(676, '肋骨海龜', '水', '岩石', 495, 74, 108, 133, 83, 65, 32, 5, '無', ''),
(677, '始祖小鳥', '岩石', '飛行', 401, 55, 112, 45, 74, 45, 70, 5, '無', ''),
(678, '始祖大鳥', '岩石', '飛行', 567, 75, 140, 65, 112, 65, 110, 5, '無', ''),
(679, '破破袋', '毒', '', 329, 50, 50, 62, 40, 62, 65, 5, '無', ''),
(680, '灰塵山', '毒', '', 474, 80, 95, 82, 60, 82, 75, 5, '無', ''),
(681, '超極巨化灰塵山', '毒', '', 474, 80, 95, 82, 60, 82, 75, 5, '無', ''),
(682, '索羅亞', '惡', '', 330, 40, 65, 40, 80, 40, 65, 5, '無', ''),
(683, '索羅亞克', '惡', '', 510, 60, 105, 60, 120, 60, 105, 5, '無', ''),
(684, '泡沫栗鼠', '一般', '', 300, 55, 50, 40, 40, 40, 75, 5, '無', ''),
(685, '奇諾栗鼠', '一般', '', 470, 75, 95, 60, 65, 60, 115, 5, '無', ''),
(686, '哥德寶寶', '超能力', '', 290, 45, 30, 50, 55, 65, 45, 5, '無', ''),
(687, '哥德小童', '超能力', '', 390, 60, 45, 70, 75, 85, 55, 5, '無', ''),
(688, '哥德小姐', '超能力', '', 490, 70, 55, 95, 95, 110, 65, 5, '無', ''),
(689, '單卵細胞球', '超能力', '', 290, 45, 30, 40, 105, 50, 20, 5, '無', ''),
(690, '雙卵細胞球', '超能力', '', 370, 65, 40, 50, 125, 60, 30, 5, '無', ''),
(691, '人造細胞卵', '超能力', '', 490, 110, 65, 75, 125, 85, 30, 5, '無', ''),
(692, '鴨寶寶', '水', '飛行', 305, 62, 44, 50, 44, 50, 55, 5, '無', ''),
(693, '舞天鵝', '水', '飛行', 473, 75, 87, 63, 87, 63, 98, 5, '無', ''),
(694, '迷你冰', '冰', '', 305, 36, 50, 50, 65, 60, 44, 5, '無', ''),
(695, '多多冰', '冰', '', 395, 51, 65, 65, 80, 75, 59, 5, '無', ''),
(696, '雙倍多多冰', '冰', '', 535, 71, 95, 85, 110, 95, 79, 5, '無', ''),
(697, '四季鹿', '一般', '草', 335, 60, 60, 50, 40, 50, 75, 5, '無', ''),
(698, '萌芽鹿', '一般', '草', 475, 80, 100, 70, 60, 70, 95, 5, '無', ''),
(699, '電飛鼠', '電', '飛行', 428, 55, 75, 60, 75, 60, 103, 5, '無', ''),
(700, '蓋蓋蟲', '蟲', '', 315, 50, 75, 45, 40, 45, 60, 5, '無', ''),
(701, '騎士蝸牛', '蟲', '銅', 495, 70, 135, 105, 60, 105, 20, 5, '無', ''),
(702, '哎呀球菇', '草', '毒', 294, 69, 55, 45, 55, 55, 15, 5, '無', ''),
(703, '敗露球菇', '草', '毒', 464, 114, 85, 70, 85, 80, 30, 5, '無', ''),
(704, '輕飄飄', '水', '幽靈', 335, 55, 40, 50, 65, 85, 40, 5, '無', ''),
(705, '胖嘟嘟', '水', '幽靈', 480, 100, 60, 70, 85, 105, 60, 5, '無', ''),
(706, '保母曼波', '水', '', 470, 165, 75, 80, 40, 45, 65, 5, '無', ''),
(707, '電蜘蛛', '蟲', '電', 319, 50, 47, 50, 57, 50, 65, 5, '無', ''),
(708, '電鞭雷蟲', '蟲', '電', 472, 70, 77, 60, 97, 60, 108, 5, '無', ''),
(709, '種子鐵球', '草', '銅', 305, 44, 50, 91, 24, 86, 10, 5, '無', ''),
(710, '堅果啞鈴', '草', '銅', 489, 74, 94, 131, 54, 116, 20, 5, '無', ''),
(711, '齒輪兒', '銅', '', 300, 40, 55, 70, 45, 60, 30, 5, '無', ''),
(712, '齒輪組', '銅', '', 440, 60, 80, 95, 70, 85, 50, 5, '無', '');
INSERT INTO `pokemon` (`編號`, `名稱`, `屬性一`, `屬性二`, `總數值`, `生命`, `攻擊`, `防禦`, `特攻`, `特防`, `速度`, `世代`, `傳奇`, `img_url`) VALUES
(713, '齒輪怪', '銅', '', 520, 60, 100, 115, 70, 85, 90, 5, '無', ''),
(714, '麻麻小魚', '電', '', 275, 35, 55, 40, 45, 40, 60, 5, '無', ''),
(715, '麻麻鰻', '電', '', 405, 65, 85, 70, 75, 70, 40, 5, '無', ''),
(716, '麻麻鰻魚王', '電', '', 515, 85, 115, 80, 105, 80, 50, 5, '無', ''),
(717, '小灰怪', '超能力', '', 335, 55, 55, 55, 85, 55, 30, 5, '無', ''),
(718, '大宇怪', '超能力', '', 485, 75, 75, 75, 125, 95, 40, 5, '無', ''),
(719, '燭光靈', '幽靈', '火', 275, 50, 30, 55, 65, 55, 20, 5, '無', ''),
(720, '燈火幽靈', '幽靈', '火', 370, 60, 40, 60, 95, 60, 55, 5, '無', ''),
(721, '水晶燈火靈', '幽靈', '火', 520, 60, 55, 90, 145, 90, 80, 5, '無', ''),
(722, '牙牙', '龍', '', 320, 46, 87, 60, 30, 40, 57, 5, '無', ''),
(723, '斧牙龍', '龍', '', 410, 66, 117, 70, 40, 50, 67, 5, '無', ''),
(724, '雙斧戰龍', '龍', '', 540, 76, 147, 90, 60, 70, 97, 5, '無', ''),
(725, '噴嚏熊', '冰', '', 305, 55, 70, 40, 60, 40, 40, 5, '無', ''),
(726, '凍原熊', '冰', '', 485, 95, 110, 80, 70, 80, 50, 5, '無', ''),
(727, '幾何雪花', '冰', '', 485, 70, 50, 30, 95, 135, 105, 5, '無', ''),
(728, '小嘴蝸', '蟲', '', 305, 50, 40, 85, 40, 65, 25, 5, '無', ''),
(729, '敏捷蟲', '蟲', '', 495, 80, 70, 40, 100, 60, 145, 5, '無', ''),
(730, '泥巴魚', '地面', '電', 471, 109, 66, 84, 81, 99, 32, 5, '無', ''),
(731, '伽勒爾泥巴魚', '地面', '銅', 471, 109, 81, 99, 66, 84, 32, 8, '無', ''),
(732, '功夫鼬', '格鬥', '', 350, 45, 85, 50, 55, 50, 65, 5, '無', ''),
(733, '師父鼬', '格鬥', '', 510, 65, 125, 60, 95, 60, 105, 5, '無', ''),
(734, '赤面龍', '龍', '', 485, 77, 120, 90, 60, 90, 48, 5, '無', ''),
(735, '泥偶小人', '地面', '幽靈', 303, 59, 74, 50, 35, 50, 35, 5, '無', ''),
(736, '泥偶巨人', '地面', '幽靈', 483, 89, 124, 80, 55, 80, 55, 5, '無', ''),
(737, '駒刀小兵', '惡', '銅', 340, 45, 85, 70, 40, 40, 60, 5, '無', ''),
(738, '劈斬司令', '惡', '銅', 490, 65, 125, 100, 60, 70, 70, 5, '無', ''),
(739, '爆爆頭水牛', '一般', '', 490, 95, 110, 95, 40, 95, 55, 5, '無', ''),
(740, '毛頭小鷹', '一般', '飛行', 350, 70, 83, 50, 37, 50, 60, 5, '無', ''),
(741, '勇士鷹', '一般', '飛行', 510, 100, 123, 75, 57, 75, 80, 5, '無', ''),
(742, '禿鷹丫頭', '惡', '飛行', 370, 70, 55, 75, 45, 65, 60, 5, '無', ''),
(743, '禿鷹娜', '惡', '飛行', 510, 110, 65, 105, 55, 95, 80, 5, '無', ''),
(744, '熔蟻獸', '火', '', 484, 85, 97, 66, 105, 66, 65, 5, '無', ''),
(745, '鐵蟻', '蟲', '銅', 484, 58, 109, 112, 48, 48, 109, 5, '無', ''),
(746, '單首龍', '惡', '龍', 300, 52, 65, 50, 45, 50, 38, 5, '無', ''),
(747, '雙首暴龍', '惡', '龍', 420, 72, 85, 70, 65, 70, 58, 5, '無', ''),
(748, '三首惡龍', '惡', '龍', 600, 92, 105, 90, 125, 90, 98, 5, '無', ''),
(749, '燃燒蟲', '蟲', '火', 360, 55, 85, 55, 50, 55, 60, 5, '無', ''),
(750, '火神蛾', '蟲', '火', 550, 85, 60, 65, 135, 105, 100, 5, '無', ''),
(751, '勾帕路翁', '銅', '格鬥', 580, 91, 90, 129, 90, 72, 108, 5, '有', ''),
(752, '代拉基翁', '岩石', '格鬥', 580, 91, 129, 90, 72, 90, 108, 5, '有', ''),
(753, '畢力吉翁', '草', '格鬥', 580, 91, 90, 72, 90, 129, 108, 5, '有', ''),
(754, '龍捲雲 化身形態', '飛行', '', 580, 79, 115, 70, 125, 80, 111, 5, '有', ''),
(755, '龍捲雲 靈獸形態', '飛行', '', 580, 79, 100, 80, 110, 90, 121, 5, '有', ''),
(756, '雷電雲 化身形態', '電', '飛行', 580, 79, 115, 70, 125, 80, 111, 5, '有', ''),
(757, '雷電雲 靈獸形態', '電', '飛行', 580, 79, 105, 70, 145, 80, 101, 5, '有', ''),
(758, '萊希拉姆', '龍', '火', 680, 100, 120, 100, 150, 120, 90, 5, '有', ''),
(759, '捷克羅姆', '龍', '電', 680, 100, 150, 120, 120, 100, 90, 5, '有', ''),
(760, '土地雲 化身形態', '地面', '飛行', 600, 89, 125, 90, 115, 80, 101, 5, '有', ''),
(761, '土地雲 靈獸形態', '地面', '飛行', 600, 89, 145, 90, 105, 80, 91, 5, '有', ''),
(762, '酋雷姆', '龍', '冰', 660, 125, 130, 90, 130, 90, 95, 5, '有', ''),
(763, '黑酋雷姆', '龍', '冰', 700, 125, 170, 100, 120, 90, 95, 5, '有', ''),
(764, '白酋雷姆', '龍', '冰', 700, 125, 120, 90, 170, 100, 95, 5, '有', ''),
(765, '凱路迪歐 平常的樣子', '水', '格鬥', 580, 91, 72, 90, 129, 90, 108, 5, '有', ''),
(766, '凱路迪歐 覺悟的樣子', '水', '格鬥', 580, 91, 72, 90, 129, 90, 108, 5, '有', ''),
(767, '美洛耶塔 歌聲形態', '一般', '超能力', 600, 100, 77, 77, 128, 128, 90, 5, '有', ''),
(768, '美洛耶塔 舞步形態', '一般', '格鬥', 600, 100, 128, 90, 77, 77, 128, 5, '有', ''),
(769, '蓋諾賽克特', '蟲', '銅', 600, 71, 120, 95, 120, 95, 99, 5, '有', ''),
(770, '哈力栗', '草', '', 313, 56, 61, 65, 48, 45, 38, 6, '無', ''),
(771, '胖胖哈力', '草', '', 405, 61, 78, 95, 56, 58, 57, 6, '無', ''),
(772, '布里卡隆', '草', '格鬥', 530, 88, 107, 122, 74, 75, 64, 6, '無', ''),
(773, '火狐狸', '火', '', 307, 40, 45, 40, 62, 60, 60, 6, '無', ''),
(774, '長尾火狐', '火', '', 409, 59, 59, 58, 90, 70, 73, 6, '無', ''),
(775, '妖火紅狐', '火', '超能力', 534, 75, 69, 72, 114, 100, 104, 6, '無', ''),
(776, '呱呱泡蛙', '水', '', 314, 41, 56, 40, 62, 44, 71, 6, '無', ''),
(777, '呱頭蛙', '水', '', 405, 54, 63, 52, 83, 56, 97, 6, '無', ''),
(778, '甲賀忍蛙', '水', '惡', 530, 72, 95, 67, 103, 71, 122, 6, '無', ''),
(779, '小智版甲賀忍蛙', '水', '惡', 640, 72, 145, 67, 153, 71, 132, 6, '無', ''),
(780, '掘掘兔', '一般', '', 237, 38, 36, 38, 32, 36, 57, 6, '無', ''),
(781, '掘地兔', '一般', '地面', 423, 85, 56, 77, 50, 77, 78, 6, '無', ''),
(782, '小箭雀', '一般', '飛行', 278, 45, 50, 43, 40, 38, 62, 6, '無', ''),
(783, '火箭雀', '火', '飛行', 382, 62, 73, 55, 56, 52, 84, 6, '無', ''),
(784, '烈箭鶲', '火', '飛行', 499, 78, 81, 71, 74, 69, 126, 6, '無', ''),
(785, '粉蝶蟲', '蟲', '', 200, 38, 35, 40, 27, 25, 35, 6, '無', ''),
(786, '粉蝶蛹', '蟲', '', 213, 45, 22, 60, 27, 30, 29, 6, '無', ''),
(787, '彩粉蝶', '蟲', '飛行', 411, 80, 52, 50, 90, 50, 89, 6, '無', ''),
(788, '小獅獅', '火', '一般', 369, 62, 50, 58, 73, 54, 72, 6, '無', ''),
(789, '火炎獅', '火', '一般', 507, 86, 68, 72, 109, 66, 106, 6, '無', ''),
(790, '花蓓蓓', '妖精', '', 303, 44, 38, 39, 61, 79, 42, 6, '無', ''),
(791, '花葉蒂', '妖精', '', 371, 54, 45, 47, 75, 98, 52, 6, '無', ''),
(792, '花潔夫人', '妖精', '', 552, 78, 65, 68, 112, 154, 75, 6, '無', ''),
(793, '坐騎小羊', '草', '', 350, 66, 65, 48, 62, 57, 52, 6, '無', ''),
(794, '坐騎山羊', '草', '', 531, 123, 100, 62, 97, 81, 68, 6, '無', ''),
(795, '頑皮熊貓', '格鬥', '', 348, 67, 82, 62, 46, 48, 43, 6, '無', ''),
(796, '流氓熊貓', '格鬥', '惡', 495, 95, 124, 78, 69, 71, 58, 6, '無', ''),
(797, '多麗米亞', '一般', '', 472, 75, 80, 60, 65, 90, 102, 6, '無', ''),
(798, '妙喵', '超能力', '', 355, 62, 48, 54, 63, 60, 68, 6, '無', ''),
(799, '超能妙喵 公', '超能力', '', 466, 74, 48, 76, 83, 81, 104, 6, '無', ''),
(800, '超能妙喵 母', '超能力', '', 466, 74, 48, 76, 83, 81, 104, 6, '無', ''),
(801, '獨劍鞘', '銅', '幽靈', 325, 45, 80, 100, 35, 37, 28, 6, '無', ''),
(802, '雙劍鞘', '銅', '幽靈', 448, 59, 110, 150, 45, 49, 35, 6, '無', ''),
(803, '堅盾劍怪 劍形態', '銅', '幽靈', 520, 60, 150, 50, 150, 50, 60, 6, '無', ''),
(804, '堅盾劍怪 盾形態', '銅', '幽靈', 520, 60, 50, 150, 50, 150, 60, 6, '無', ''),
(805, '粉香香', '妖精', '', 341, 78, 52, 60, 63, 65, 23, 6, '無', ''),
(806, '芬香精', '妖精', '', 462, 101, 72, 72, 99, 89, 29, 6, '無', ''),
(807, '綿綿泡芙', '妖精', '', 341, 62, 48, 66, 59, 57, 49, 6, '無', ''),
(808, '胖甜妮', '妖精', '', 480, 82, 80, 86, 85, 75, 72, 6, '無', ''),
(809, '好啦魷', '惡', '超能力', 288, 53, 54, 53, 37, 46, 45, 6, '無', ''),
(810, '烏賊王', '惡', '超能力', 482, 86, 92, 88, 68, 75, 73, 6, '無', ''),
(811, '龜腳腳', '岩石', '水', 306, 42, 52, 67, 39, 56, 50, 6, '無', ''),
(812, '龜足巨鎧', '岩石', '水', 500, 72, 105, 115, 54, 86, 68, 6, '無', ''),
(813, '垃垃藻', '毒', '水', 320, 50, 60, 60, 60, 60, 30, 6, '無', ''),
(814, '毒藻龍', '毒', '龍', 494, 65, 75, 90, 97, 123, 44, 6, '無', ''),
(815, '鐵臂槍蝦', '水', '', 330, 50, 53, 62, 58, 63, 44, 6, '無', ''),
(816, '鋼炮臂蝦', '水', '', 500, 71, 73, 88, 120, 89, 59, 6, '無', ''),
(817, '傘電蜥', '電', '一般', 289, 44, 38, 33, 61, 43, 70, 6, '無', ''),
(818, '光電傘蜥', '電', '一般', 481, 62, 55, 52, 109, 94, 109, 6, '無', ''),
(819, '寶寶暴龍', '岩石', '龍', 362, 58, 89, 77, 45, 45, 48, 6, '無', ''),
(820, '怪顎龍', '岩石', '龍', 521, 82, 121, 119, 69, 59, 71, 6, '無', ''),
(821, '冰雪龍', '岩石', '冰', 362, 77, 59, 50, 67, 63, 46, 6, '無', ''),
(822, '冰雪巨龍', '岩石', '冰', 521, 123, 77, 72, 99, 92, 58, 6, '無', ''),
(823, '仙子伊布', '妖精', '', 525, 95, 65, 65, 110, 130, 60, 6, '無', ''),
(824, '摔角鷹人', '格鬥', '飛行', 500, 78, 92, 75, 74, 63, 118, 6, '無', ''),
(825, '咚咚鼠', '電', '妖精', 431, 67, 58, 57, 81, 67, 101, 6, '無', ''),
(826, '小碎鑽', '岩石', '妖精', 500, 50, 50, 150, 50, 150, 50, 6, '無', ''),
(827, '黏黏寶', '龍', '', 300, 45, 50, 35, 55, 75, 40, 6, '無', ''),
(828, '黏美兒', '龍', '', 452, 68, 75, 53, 83, 113, 60, 6, '無', ''),
(829, '黏美龍', '龍', '', 600, 90, 100, 70, 110, 150, 80, 6, '無', ''),
(830, '鑰圈兒', '銅', '妖精', 470, 57, 80, 91, 80, 87, 75, 6, '無', ''),
(831, '小木靈', '幽靈', '草', 309, 43, 70, 48, 50, 60, 38, 6, '無', ''),
(832, '朽木妖', '幽靈', '草', 474, 85, 110, 76, 65, 82, 56, 6, '無', ''),
(833, '南瓜精 一般尺寸', '幽靈', '草', 335, 49, 66, 70, 44, 55, 51, 6, '無', ''),
(834, '南瓜精 小尺寸', '幽靈', '草', 335, 44, 66, 70, 44, 55, 56, 6, '無', ''),
(835, '南瓜精 大尺寸', '幽靈', '草', 335, 54, 66, 70, 44, 55, 46, 6, '無', ''),
(836, '南瓜精 特大尺寸', '幽靈', '草', 335, 59, 66, 70, 44, 55, 41, 6, '無', ''),
(837, '南瓜怪人 一般尺寸', '幽靈', '草', 494, 65, 90, 122, 58, 75, 84, 6, '無', ''),
(838, '南瓜怪人 小尺寸', '幽靈', '草', 494, 55, 85, 122, 58, 75, 99, 6, '無', ''),
(839, '南瓜怪人 大尺寸', '幽靈', '草', 494, 75, 95, 122, 58, 75, 69, 6, '無', ''),
(840, '南瓜怪人 特大尺寸', '幽靈', '草', 494, 85, 100, 122, 58, 75, 54, 6, '無', ''),
(841, '冰寶', '冰', '', 304, 55, 69, 85, 32, 35, 28, 6, '無', ''),
(842, '冰岩怪', '冰', '', 514, 95, 117, 184, 44, 46, 28, 6, '無', ''),
(843, '嗡蝠', '飛行', '龍', 245, 40, 30, 35, 45, 40, 55, 6, '無', ''),
(844, '音波龍', '飛行', '龍', 535, 85, 70, 80, 97, 80, 123, 6, '無', ''),
(845, '哲爾尼亞斯', '妖精', '', 680, 126, 131, 95, 131, 98, 99, 6, '有', ''),
(846, '伊裴爾塔爾', '惡', '飛行', 680, 126, 131, 95, 131, 98, 99, 6, '有', ''),
(847, '基格爾德 10% 形態', '龍', '地面', 486, 54, 100, 71, 61, 85, 115, 6, '有', ''),
(848, '基格爾德 50% 形態', '龍', '地面', 600, 108, 100, 121, 81, 95, 95, 6, '有', ''),
(849, '基格爾德 完全體形態', '龍', '地面', 708, 216, 100, 121, 91, 95, 85, 6, '有', ''),
(850, '蒂安希', '岩石', '妖精', 600, 50, 100, 150, 100, 150, 50, 6, '有', ''),
(851, '超級蒂安希', '岩石', '妖精', 700, 50, 160, 110, 160, 110, 110, 6, '有', ''),
(852, '胡帕 束縛形態', '超能力', '幽靈', 600, 80, 110, 60, 150, 130, 70, 6, '有', ''),
(853, '胡帕 解放形態', '超能力', '惡', 680, 80, 160, 60, 170, 130, 80, 6, '有', ''),
(854, '波爾凱尼恩', '火', '水', 600, 80, 110, 120, 130, 90, 70, 6, '有', ''),
(855, '木木梟', '草', '飛行', 320, 68, 55, 55, 50, 50, 42, 7, '無', ''),
(856, '投羽梟', '草', '飛行', 420, 78, 75, 75, 70, 70, 52, 7, '無', ''),
(857, '狙射樹梟', '草', '幽靈', 530, 78, 107, 75, 100, 100, 70, 7, '無', ''),
(858, '火斑喵', '火', '', 320, 45, 65, 40, 60, 40, 70, 7, '無', ''),
(859, '炎熱喵', '火', '', 420, 65, 85, 50, 80, 50, 90, 7, '無', ''),
(860, '熾焰咆哮虎', '火', '惡', 530, 95, 115, 90, 80, 90, 60, 7, '無', ''),
(861, '球球海獅', '水', '', 320, 50, 54, 54, 66, 56, 40, 7, '無', ''),
(862, '花漾海獅', '水', '', 420, 60, 69, 69, 91, 81, 50, 7, '無', ''),
(863, '西獅海壬', '水', '妖精', 530, 80, 74, 74, 126, 116, 60, 7, '無', ''),
(864, '小篤兒', '一般', '飛行', 265, 35, 75, 30, 30, 30, 65, 7, '無', ''),
(865, '喇叭啄鳥', '一般', '飛行', 355, 55, 85, 50, 40, 50, 75, 7, '無', ''),
(866, '銃嘴大鳥', '一般', '飛行', 485, 80, 120, 75, 75, 75, 60, 7, '無', ''),
(867, '貓鼬少', '一般', '', 253, 48, 70, 30, 30, 30, 45, 7, '無', ''),
(868, '貓鼬探長', '一般', '', 418, 88, 110, 60, 55, 60, 45, 7, '無', ''),
(869, '強顎雞母蟲', '蟲', '', 300, 47, 62, 45, 55, 45, 46, 7, '無', ''),
(870, '蟲電寶', '蟲', '電', 400, 57, 82, 95, 55, 75, 36, 7, '無', ''),
(871, '鍬農炮蟲', '蟲', '電', 500, 77, 70, 90, 145, 75, 43, 7, '無', ''),
(872, '好勝蟹', '格鬥', '', 338, 47, 82, 57, 42, 47, 63, 7, '無', ''),
(873, '好勝毛蟹', '格鬥', '冰', 478, 97, 132, 77, 62, 67, 43, 7, '無', ''),
(874, '花舞鳥 熱辣熱辣風格', '火', '飛行', 476, 75, 70, 70, 98, 70, 93, 7, '無', ''),
(875, '花舞鳥 爆音爆音風格', '電', '飛行', 476, 75, 70, 70, 98, 70, 93, 7, '無', ''),
(876, '花舞鳥 輕盈輕盈風格', '超能力', '飛行', 476, 75, 70, 70, 98, 70, 93, 7, '無', ''),
(877, '花舞鳥 靜悄悄風格', '幽靈', '飛行', 476, 75, 70, 70, 98, 70, 93, 7, '無', ''),
(878, '萌虻', '蟲', '妖精', 304, 40, 45, 40, 55, 40, 84, 7, '無', ''),
(879, '蝶結萌虻', '蟲', '妖精', 464, 60, 55, 60, 95, 70, 124, 7, '無', ''),
(880, '岩狗狗', '岩石', '', 280, 45, 65, 40, 30, 40, 60, 7, '無', ''),
(881, '鬃岩狼人 白晝的樣子', '岩石', '', 487, 75, 115, 65, 55, 65, 112, 7, '無', ''),
(882, '鬃岩狼人 黑夜的樣子', '岩石', '', 487, 85, 115, 75, 55, 75, 82, 7, '無', ''),
(883, '鬃岩狼人 黃昏的樣子', '岩石', '', 487, 75, 117, 65, 55, 65, 110, 7, '無', ''),
(884, '弱丁魚 單獨的樣子', '水', '', 175, 45, 20, 20, 25, 25, 40, 7, '無', ''),
(885, '弱丁魚 魚群的樣子', '水', '', 620, 45, 140, 130, 140, 135, 30, 7, '無', ''),
(886, '好壞星', '毒', '水', 305, 50, 53, 62, 43, 52, 45, 7, '無', ''),
(887, '超壞星', '毒', '水', 495, 50, 63, 152, 53, 142, 35, 7, '無', ''),
(888, '泥驢仔', '地面', '', 385, 70, 100, 70, 45, 55, 45, 7, '無', ''),
(889, '重泥挽馬', '地面', '', 500, 100, 125, 100, 55, 85, 35, 7, '無', ''),
(890, '滴蛛', '水', '蟲', 269, 38, 40, 52, 40, 72, 27, 7, '無', ''),
(891, '滴蛛霸', '水', '蟲', 454, 68, 70, 92, 50, 132, 42, 7, '無', ''),
(892, '偽螳草', '草', '', 250, 40, 55, 35, 50, 35, 35, 7, '無', ''),
(893, '蘭螳花', '草', '', 480, 70, 105, 90, 80, 90, 45, 7, '無', ''),
(894, '睡睡菇', '草', '妖精', 285, 40, 35, 55, 65, 75, 15, 7, '無', ''),
(895, '燈罩夜菇', '草', '妖精', 405, 60, 45, 80, 90, 100, 30, 7, '無', ''),
(896, '夜盜火蜥', '毒', '火', 320, 48, 44, 40, 71, 40, 77, 7, '無', ''),
(897, '焰后蜥', '毒', '火', 480, 68, 64, 60, 111, 60, 117, 7, '無', ''),
(898, '童偶熊', '一般', '格鬥', 340, 70, 75, 50, 45, 50, 50, 7, '無', ''),
(899, '穿著熊', '一般', '格鬥', 500, 120, 125, 80, 55, 60, 60, 7, '無', ''),
(900, '甜竹竹', '草', '', 210, 42, 30, 38, 30, 38, 32, 7, '無', ''),
(901, '甜舞妮', '草', '', 290, 52, 40, 48, 40, 48, 62, 7, '無', ''),
(902, '甜冷美后', '草', '', 510, 72, 120, 98, 50, 98, 72, 7, '無', ''),
(903, '花療環環', '妖精', '', 485, 51, 52, 90, 82, 110, 100, 7, '無', ''),
(904, '智揮猩', '一般', '超能力', 490, 90, 60, 80, 90, 110, 60, 7, '無', ''),
(905, '投擲猴', '格鬥', '', 490, 100, 120, 90, 40, 60, 80, 7, '無', ''),
(906, '膽小蟲', '蟲', '水', 230, 25, 35, 40, 20, 30, 80, 7, '無', ''),
(907, '具甲武者', '蟲', '水', 530, 75, 125, 140, 60, 90, 40, 7, '無', ''),
(908, '沙丘娃', '幽靈', '地面', 320, 55, 55, 80, 70, 45, 15, 7, '無', ''),
(909, '噬沙堡爺', '幽靈', '地面', 480, 85, 75, 110, 100, 75, 35, 7, '無', ''),
(910, '拳海參', '水', '', 410, 55, 60, 130, 30, 130, 5, 7, '無', ''),
(911, '屬性：空', '一般', '', 534, 95, 95, 95, 95, 95, 59, 7, '無', ''),
(912, '銀伴戰獸', '一般', '', 570, 95, 95, 95, 95, 95, 95, 7, '無', ''),
(913, '小隕星 流星的樣子', '岩石', '飛行', 440, 60, 60, 100, 60, 100, 60, 7, '無', ''),
(914, '小隕星 核心的樣子', '岩石', '飛行', 500, 60, 100, 60, 100, 60, 120, 7, '無', ''),
(915, '樹枕尾熊', '一般', '', 480, 65, 115, 65, 75, 95, 65, 7, '無', ''),
(916, '爆焰龜獸', '火', '龍', 485, 60, 78, 135, 91, 85, 36, 7, '無', ''),
(917, '托戈德瑪爾', '電', '銅', 435, 65, 98, 63, 40, 73, 96, 7, '無', ''),
(918, '謎擬Ｑ', '幽靈', '妖精', 476, 55, 90, 80, 50, 105, 96, 7, '無', ''),
(919, '磨牙彩皮魚', '水', '超能力', 475, 68, 105, 70, 70, 70, 92, 7, '無', ''),
(920, '老翁龍', '一般', '龍', 485, 78, 60, 85, 135, 91, 36, 7, '無', ''),
(921, '破破舵輪', '幽靈', '草', 517, 70, 131, 100, 86, 90, 40, 7, '無', ''),
(922, '心鱗寶', '龍', '', 300, 45, 55, 65, 45, 45, 45, 7, '無', ''),
(923, '鱗甲龍', '龍', '格鬥', 420, 55, 75, 90, 65, 70, 65, 7, '無', ''),
(924, '杖尾鱗甲龍', '龍', '格鬥', 600, 75, 110, 125, 100, 105, 85, 7, '無', ''),
(925, '卡璞?鳴鳴', '電', '妖精', 570, 70, 115, 85, 95, 75, 130, 7, '有', ''),
(926, '卡璞?蝶蝶', '超能力', '妖精', 570, 70, 85, 75, 130, 115, 95, 7, '有', ''),
(927, '卡璞?哞哞', '草', '妖精', 570, 70, 130, 115, 85, 95, 75, 7, '有', ''),
(928, '卡璞?鰭鰭', '水', '妖精', 570, 70, 75, 115, 95, 130, 85, 7, '有', ''),
(929, '科斯莫古', '超能力', '', 200, 43, 29, 31, 29, 31, 37, 7, '有', ''),
(930, '科斯莫姆', '超能力', '', 400, 43, 29, 131, 29, 131, 37, 7, '有', ''),
(931, '索爾迦雷歐', '超能力', '銅', 680, 137, 137, 107, 113, 89, 97, 7, '有', ''),
(932, '露奈雅拉', '超能力', '幽靈', 680, 137, 113, 89, 137, 107, 97, 7, '有', ''),
(933, '虛吾伊德', '岩石', '毒', 570, 109, 53, 47, 127, 131, 103, 7, '無', ''),
(934, '爆肌蚊', '蟲', '格鬥', 570, 107, 139, 139, 53, 53, 79, 7, '無', ''),
(935, '費洛美螂', '蟲', '格鬥', 570, 71, 137, 37, 137, 37, 151, 7, '無', ''),
(936, '電束木', '電', '', 570, 83, 89, 71, 173, 71, 83, 7, '無', ''),
(937, '鐵火輝夜', '銅', '飛行', 570, 97, 101, 103, 107, 101, 61, 7, '無', ''),
(938, '紙御劍', '草', '銅', 570, 59, 181, 131, 59, 31, 109, 7, '無', ''),
(939, '惡食大王', '惡', '龍', 570, 223, 101, 53, 97, 53, 43, 7, '無', ''),
(940, '奈克洛茲瑪', '超能力', '', 600, 97, 107, 101, 127, 89, 79, 7, '有', ''),
(941, '黃昏之鬃奈克洛茲瑪', '超能力', '銅', 680, 97, 157, 127, 113, 109, 77, 7, '有', ''),
(942, '拂曉之翼奈克洛茲瑪', '超能力', '幽靈', 680, 97, 113, 109, 157, 127, 77, 7, '有', ''),
(943, '究極奈克洛茲瑪', '超能力', '龍', 754, 97, 167, 97, 167, 97, 129, 7, '有', ''),
(944, '瑪機雅娜', '銅', '妖精', 600, 80, 95, 115, 130, 115, 65, 7, '有', ''),
(945, '瑪夏多', '格鬥', '幽靈', 600, 90, 125, 80, 90, 90, 125, 7, '有', ''),
(946, '泡泡狐', '毒', '', 420, 67, 73, 67, 73, 67, 73, 7, '無', ''),
(947, '四顎針龍', '毒', '龍', 540, 73, 73, 73, 127, 73, 121, 7, '無', ''),
(948, '壘磊石', '岩石', '銅', 570, 61, 131, 211, 53, 101, 13, 7, '無', ''),
(949, '砰頭小丑', '火', '幽靈', 570, 53, 127, 53, 151, 79, 107, 7, '無', ''),
(950, '捷拉奧拉', '電', '', 600, 88, 112, 75, 102, 80, 143, 7, '有', ''),
(951, '美錄坦', '銅', '', 300, 46, 65, 65, 55, 35, 34, 0, '有', ''),
(952, '美錄梅塔', '銅', '', 600, 135, 143, 143, 80, 65, 34, 0, '有', ''),
(953, '超極巨化美錄梅塔', '銅', '', 600, 135, 143, 143, 80, 65, 34, 0, '有', ''),
(954, '敲音猴', '草', '', 310, 50, 65, 50, 40, 40, 65, 8, '無', ''),
(955, '啪咚猴', '草', '', 420, 70, 85, 70, 55, 60, 80, 8, '無', ''),
(956, '轟擂金剛猩', '草', '', 530, 100, 125, 90, 60, 70, 85, 8, '無', ''),
(957, '超極巨化轟擂金剛猩', '草', '', 530, 100, 125, 90, 60, 70, 85, 8, '無', ''),
(958, '炎兔兒', '火', '', 310, 50, 71, 40, 40, 40, 69, 8, '無', ''),
(959, '騰蹴小將', '火', '', 420, 65, 86, 60, 55, 60, 94, 8, '無', ''),
(960, '閃焰王牌', '火', '', 530, 80, 116, 75, 65, 75, 119, 8, '無', ''),
(961, '超極巨化閃焰王牌', '火', '', 530, 80, 116, 75, 65, 75, 119, 8, '無', ''),
(962, '淚眼蜥', '水', '', 310, 50, 40, 40, 70, 40, 70, 8, '無', ''),
(963, '變澀蜥', '水', '', 420, 65, 60, 55, 95, 55, 90, 8, '無', ''),
(964, '千面避役', '水', '', 530, 70, 85, 65, 125, 65, 120, 8, '無', ''),
(965, '超極巨化千面避役', '水', '', 530, 70, 85, 65, 125, 65, 120, 8, '無', ''),
(966, '貪心栗鼠', '一般', '', 275, 70, 55, 55, 35, 35, 25, 8, '無', ''),
(967, '藏飽栗鼠', '一般', '', 460, 120, 95, 95, 55, 75, 20, 8, '無', ''),
(968, '稚山雀', '飛行', '', 245, 38, 47, 35, 33, 35, 57, 8, '無', ''),
(969, '藍鴉', '飛行', '', 365, 68, 67, 55, 43, 55, 77, 8, '無', ''),
(970, '鋼鎧鴉', '飛行', '銅', 495, 98, 87, 105, 53, 85, 67, 8, '無', ''),
(971, '超極巨化鋼鎧鴉', '飛行', '銅', 495, 98, 87, 105, 53, 85, 67, 8, '無', ''),
(972, '索偵蟲', '蟲', '', 180, 25, 20, 20, 25, 45, 45, 8, '無', ''),
(973, '天罩蟲', '蟲', '超能力', 335, 50, 35, 80, 50, 90, 30, 8, '無', ''),
(974, '以歐路普', '蟲', '超能力', 505, 60, 45, 110, 80, 120, 90, 8, '無', ''),
(975, '超極巨化以歐路普', '蟲', '超能力', 505, 60, 45, 110, 80, 120, 90, 8, '無', ''),
(976, '偷兒狐', '惡', '', 245, 40, 28, 28, 47, 52, 50, 8, '無', ''),
(977, '狐大盜', '惡', '', 455, 70, 58, 58, 87, 92, 90, 8, '無', ''),
(978, '幼棉棉', '草', '', 250, 40, 40, 60, 40, 60, 10, 8, '無', ''),
(979, '白蓬蓬', '草', '', 460, 60, 50, 90, 80, 120, 60, 8, '無', ''),
(980, '毛辮羊', '一般', '', 270, 42, 40, 55, 40, 45, 48, 8, '無', ''),
(981, '毛毛角羊', '一般', '', 490, 72, 80, 100, 60, 90, 88, 8, '無', ''),
(982, '咬咬龜', '水', '', 284, 50, 64, 50, 38, 38, 44, 8, '無', ''),
(983, '暴噬龜', '水', '岩石', 485, 90, 115, 90, 48, 68, 74, 8, '無', ''),
(984, '超極巨化暴噬龜', '水', '岩石', 485, 90, 115, 90, 48, 68, 74, 8, '無', ''),
(985, '來電汪', '電', '', 270, 59, 45, 50, 40, 50, 26, 8, '無', ''),
(986, '逐電犬', '電', '', 490, 69, 90, 60, 90, 60, 121, 8, '無', ''),
(987, '小炭仔', '岩石', '', 240, 30, 40, 50, 40, 50, 30, 8, '無', ''),
(988, '大炭車', '岩石', '火', 410, 80, 60, 90, 60, 70, 50, 8, '無', ''),
(989, '巨炭山', '岩石', '火', 510, 110, 80, 120, 80, 90, 30, 8, '無', ''),
(990, '超極巨化巨炭山', '岩石', '火', 510, 110, 80, 120, 80, 90, 30, 8, '無', ''),
(991, '啃果蟲', '草', '龍', 260, 40, 40, 80, 40, 40, 20, 8, '無', ''),
(992, '蘋裹龍', '草', '龍', 485, 70, 110, 80, 95, 60, 70, 8, '無', ''),
(993, '超極巨化蘋裹龍', '草', '龍', 485, 70, 110, 80, 95, 60, 70, 8, '無', ''),
(994, '豐蜜龍', '草', '龍', 485, 110, 85, 80, 100, 80, 30, 8, '無', ''),
(995, '超極巨化豐蜜龍', '草', '龍', 485, 110, 85, 80, 100, 80, 30, 8, '無', ''),
(996, '沙包蛇', '地面', '', 315, 52, 57, 75, 35, 50, 46, 8, '無', ''),
(997, '沙螺蟒', '地面', '', 510, 72, 107, 125, 65, 70, 71, 8, '無', ''),
(998, '超極巨化沙螺蟒', '地面', '', 510, 72, 107, 125, 65, 70, 71, 8, '無', ''),
(999, '喇叭啄鳥', '飛行', '水', 475, 70, 85, 55, 85, 95, 85, 8, '無', ''),
(1000, '刺梭魚', '水', '', 280, 41, 63, 40, 40, 30, 66, 8, '無', ''),
(1001, '戽斗尖梭', '水', '', 490, 61, 123, 60, 60, 50, 136, 8, '無', ''),
(1002, '毒電嬰', '電', '毒', 242, 40, 38, 35, 54, 35, 40, 8, '無', ''),
(1003, '顫弦蠍 (巔峰形態)', '電', '毒', 502, 75, 98, 70, 114, 70, 75, 8, '無', ''),
(1004, '顫弦蠍 (低調形態)', '電', '毒', 502, 75, 98, 70, 114, 70, 75, 8, '無', ''),
(1005, '超極巨化顫弦蠍', '電', '毒', 502, 75, 98, 70, 114, 70, 75, 8, '無', ''),
(1006, '炙頭鍋', '火', '蟲', 305, 50, 65, 45, 50, 50, 45, 8, '無', ''),
(1007, '焚焰?螈', '火', '蟲', 525, 100, 115, 65, 90, 90, 65, 8, '無', ''),
(1008, '超極巨化焚焰?螈', '火', '蟲', 525, 100, 115, 65, 90, 90, 65, 8, '無', ''),
(1009, '拳拳蛸', '格鬥', '', 310, 50, 68, 60, 50, 50, 32, 8, '無', ''),
(1010, '八爪武師', '格鬥', '', 480, 80, 118, 90, 70, 80, 42, 8, '無', ''),
(1011, '茶壺妖', '幽靈', '', 308, 40, 45, 45, 74, 54, 50, 8, '無', ''),
(1012, '怖思壺', '幽靈', '', 508, 60, 65, 65, 134, 114, 70, 8, '無', ''),
(1013, '迷布莉姆', '超能力', '', 265, 42, 30, 45, 56, 53, 39, 8, '無', ''),
(1014, '提布莉姆', '超能力', '', 370, 57, 40, 65, 86, 73, 49, 8, '無', ''),
(1015, '布莉姆溫', '超能力', '妖精', 510, 57, 90, 95, 136, 103, 29, 8, '無', ''),
(1016, '超極巨化布莉姆溫', '超能力', '妖精', 510, 57, 90, 95, 136, 103, 29, 8, '無', ''),
(1017, '搗蛋小妖', '惡', '妖精', 265, 45, 45, 30, 55, 40, 50, 8, '無', ''),
(1018, '詐唬魔', '惡', '妖精', 370, 65, 60, 45, 75, 55, 70, 8, '無', ''),
(1019, '長毛巨魔', '惡', '妖精', 510, 95, 120, 65, 95, 75, 60, 8, '無', ''),
(1020, '超極巨化長毛巨魔', '惡', '妖精', 510, 95, 120, 65, 95, 75, 60, 8, '無', ''),
(1021, '堵攔熊', '惡', '一般', 520, 93, 90, 101, 60, 81, 95, 8, '無', ''),
(1022, '喵頭目', '銅', '', 440, 70, 110, 100, 50, 60, 50, 8, '無', ''),
(1023, '魔靈珊瑚', '幽靈', '', 510, 60, 95, 50, 145, 130, 30, 8, '無', ''),
(1024, '蔥遊兵', '格鬥', '', 507, 62, 135, 95, 68, 82, 65, 8, '無', ''),
(1025, '踏冰人偶', '冰', '超能力', 520, 80, 85, 75, 110, 100, 70, 8, '無', ''),
(1026, '死神板', '地面', '幽靈', 483, 58, 95, 145, 50, 105, 30, 8, '無', ''),
(1027, '小仙奶', '妖精', '', 270, 45, 40, 40, 50, 61, 34, 8, '無', ''),
(1028, '霜奶仙', '妖精', '', 495, 65, 60, 75, 110, 121, 64, 8, '無', ''),
(1029, '超極巨化霜奶仙', '妖精', '', 495, 65, 60, 75, 110, 121, 64, 8, '無', ''),
(1030, '列陣兵', '格鬥', '', 470, 65, 100, 100, 70, 60, 75, 8, '無', ''),
(1031, '啪嚓海膽', '電', '', 435, 48, 101, 95, 91, 85, 15, 8, '無', ''),
(1032, '雪吞蟲', '冰', '蟲', 185, 30, 25, 35, 45, 30, 20, 8, '無', ''),
(1033, '雪絨蛾', '冰', '蟲', 475, 70, 65, 60, 125, 90, 65, 8, '無', ''),
(1034, '巨石丁', '岩石', '', 470, 100, 125, 135, 20, 20, 70, 8, '無', ''),
(1035, '冰砌鵝（冰面型態）', '冰', '', 470, 75, 80, 110, 65, 90, 50, 8, '無', ''),
(1036, '冰砌鵝（解凍型態）', '冰', '', 470, 75, 80, 70, 65, 50, 130, 8, '無', ''),
(1037, '愛管侍（雄性）', '超能力', '一般', 475, 60, 65, 55, 105, 95, 95, 8, '無', ''),
(1038, '愛管侍（雌性）', '超能力', '一般', 475, 70, 55, 65, 95, 105, 85, 8, '無', ''),
(1039, '莫魯貝可（滿腹花紋）', '電', '惡', 436, 58, 95, 58, 70, 58, 97, 8, '無', ''),
(1040, '莫魯貝可（空腹花紋）', '電', '惡', 436, 58, 95, 58, 70, 58, 97, 8, '無', ''),
(1041, '銅象', '銅', '', 330, 72, 80, 49, 40, 49, 40, 8, '無', ''),
(1042, '大王銅象', '銅', '', 500, 122, 130, 69, 80, 69, 30, 8, '無', ''),
(1043, '超極巨化大王銅象', '銅', '', 500, 122, 130, 69, 80, 69, 30, 8, '無', ''),
(1044, '雷鳥龍', '電', '龍', 505, 90, 100, 90, 80, 70, 75, 8, '無', ''),
(1045, '雷鳥海獸', '電', '冰', 505, 90, 100, 90, 90, 80, 55, 8, '無', ''),
(1046, '鰓魚龍', '水', '龍', 505, 90, 90, 100, 70, 80, 75, 8, '無', ''),
(1047, '鰓魚海獸', '水', '冰', 505, 90, 90, 100, 80, 90, 55, 8, '無', ''),
(1048, '鋁鋼龍', '銅', '龍', 535, 70, 95, 115, 120, 50, 85, 8, '無', ''),
(1049, '超極巨化鋁鋼龍', '銅', '龍', 535, 70, 95, 115, 120, 50, 85, 8, '無', ''),
(1050, '多龍梅西亞', '龍', '幽靈', 270, 28, 60, 30, 40, 30, 82, 8, '無', ''),
(1051, '多龍奇', '龍', '幽靈', 410, 68, 80, 50, 60, 50, 102, 8, '無', ''),
(1052, '多龍巴魯托', '龍', '幽靈', 600, 88, 120, 75, 100, 75, 142, 8, '無', ''),
(1053, '蒼響（英雄形態）', '妖精', '', 670, 92, 130, 115, 80, 115, 138, 8, '有', ''),
(1054, '蒼響（劍之王形態）', '妖精', '銅', 720, 92, 170, 115, 80, 115, 148, 8, '有', ''),
(1055, '藏瑪然特（英雄形態）', '格鬥', '', 670, 92, 130, 115, 80, 115, 138, 8, '有', ''),
(1056, '藏瑪然特（盾之王形態）', '格鬥', '銅', 720, 92, 130, 145, 80, 145, 128, 8, '有', ''),
(1057, '無極汰那', '毒', '龍', 690, 140, 85, 95, 145, 95, 130, 8, '有', ''),
(1058, '超極巨化無極汰那', '毒', '龍', 1125, 255, 115, 250, 125, 250, 130, 8, '有', ''),
(1059, '熊徒弟', '格鬥', '', 385, 60, 90, 60, 53, 50, 72, 8, '有', ''),
(1060, '武道熊師（一擊流）', '格鬥', '惡', 550, 100, 130, 100, 63, 60, 97, 8, '有', ''),
(1061, '超極巨化武道熊師（一擊流）', '格鬥', '惡', 550, 100, 130, 100, 63, 60, 97, 8, '有', ''),
(1062, '武道熊師（連擊流）', '格鬥', '水', 550, 100, 130, 100, 63, 60, 97, 8, '有', ''),
(1063, '超極巨化武道熊師（連擊流）', '格鬥', '水', 550, 100, 130, 100, 63, 60, 97, 8, '有', ''),
(1064, '薩戮德', '惡', '草', 600, 105, 120, 105, 70, 95, 105, 8, '有', ''),
(1065, '父樹薩戮德', '惡', '草', 600, 105, 120, 105, 70, 95, 105, 8, '有', ''),
(1066, '雷吉艾勒奇', '電', '', 580, 80, 100, 50, 100, 50, 200, 8, '有', ''),
(1067, '雷吉鐸拉戈', '龍', '', 580, 200, 100, 50, 100, 50, 80, 8, '有', ''),
(1068, '雪暴馬', '冰', '', 580, 100, 145, 130, 65, 110, 30, 8, '有', ''),
(1069, '靈幽馬', '幽靈', '', 580, 100, 65, 60, 145, 80, 130, 8, '有', ''),
(1070, '蕾冠王', '超能力', '草', 500, 100, 80, 80, 80, 80, 80, 8, '有', ''),
(1071, '超極巨化蕾冠王（冰騎士形態）', '超能力', '冰', 680, 100, 165, 150, 85, 130, 50, 8, '有', ''),
(1072, '超極巨化蕾冠王（靈騎士形態）', '超能力', '幽靈', 680, 100, 85, 80, 165, 100, 150, 8, '有', '');

-- --------------------------------------------------------

--
-- 資料表結構 `users`
--

CREATE TABLE `users` (
  `id` int(11) NOT NULL,
  `username` varchar(50) NOT NULL,
  `account` varchar(50) NOT NULL,
  `password` varchar(255) NOT NULL,
  `money` decimal(10,2) DEFAULT 0.00,
  `backpack` text NOT NULL
) ENGINE=InnoDB DEFAULT CHARSET=utf8mb4 COLLATE=utf8mb4_general_ci;

--
-- 傾印資料表的資料 `users`
--

INSERT INTO `users` (`id`, `username`, `account`, `password`, `money`, `backpack`) VALUES
(4, 'babu', '123', '$2y$10$3Xe8u9VsunOYbzxETqu7oe5C.B5sfcRvZIsUqBd8VNvXllFhCepLW', 16604.00, '1,1,'),
(5, 'babu2', '1234', '$2y$10$H9N8PyKUrHAZJ96hz8Xa5u0Ja01facihnJoHV31SPDxnel8IMJqZO', 271.00, ''),
(7, 'babu3', '111', '$2y$10$t9XqaTJSyyBJ2jMkmGr9VeYRZdwbg0BtzNoTCHPTuFg80AfXsYBT6', 67.00, ''),
(8, 'babu3', '222', '$2y$10$hb2apSLAyPWkkeJeGaBcPuRC8NszRQr.uscamAWDpoD1iKWA8948K', 15.00, ''),
(9, 'babu5', '555', '$2y$10$9NYqK0aOJKa8/33oLXCHOet9zxyDwWwJC204HSQ0TmigAheqD5wOK', 22.00, ''),
(10, 'babu6', '666', '$2y$10$F1XHik2ncHcSCsI71Q0.4.TmUPVf7sn1adv1NfzTLxZdy9BG2jLfC', 6.00, '');

--
-- 已傾印資料表的索引
--

--
-- 資料表索引 `backpack`
--
ALTER TABLE `backpack`
  ADD PRIMARY KEY (`user_id`,`pokemon_id`),
  ADD KEY `pokemon_id` (`pokemon_id`);

--
-- 資料表索引 `music_files`
--
ALTER TABLE `music_files`
  ADD PRIMARY KEY (`id`),
  ADD KEY `user_id` (`user_id`);

--
-- 資料表索引 `pokemon`
--
ALTER TABLE `pokemon`
  ADD PRIMARY KEY (`編號`);

--
-- 資料表索引 `users`
--
ALTER TABLE `users`
  ADD PRIMARY KEY (`id`),
  ADD UNIQUE KEY `account` (`account`);

--
-- 在傾印的資料表使用自動遞增(AUTO_INCREMENT)
--

--
-- 使用資料表自動遞增(AUTO_INCREMENT) `music_files`
--
ALTER TABLE `music_files`
  MODIFY `id` int(11) NOT NULL AUTO_INCREMENT, AUTO_INCREMENT=13;

--
-- 使用資料表自動遞增(AUTO_INCREMENT) `users`
--
ALTER TABLE `users`
  MODIFY `id` int(11) NOT NULL AUTO_INCREMENT, AUTO_INCREMENT=11;

--
-- 已傾印資料表的限制式
--

--
-- 資料表的限制式 `backpack`
--
ALTER TABLE `backpack`
  ADD CONSTRAINT `backpack_ibfk_1` FOREIGN KEY (`user_id`) REFERENCES `users` (`id`) ON DELETE CASCADE,
  ADD CONSTRAINT `backpack_ibfk_2` FOREIGN KEY (`pokemon_id`) REFERENCES `pokemon` (`編號`) ON DELETE CASCADE;

--
-- 資料表的限制式 `music_files`
--
ALTER TABLE `music_files`
  ADD CONSTRAINT `music_files_ibfk_1` FOREIGN KEY (`user_id`) REFERENCES `users` (`id`);
COMMIT;

/*!40101 SET CHARACTER_SET_CLIENT=@OLD_CHARACTER_SET_CLIENT */;
/*!40101 SET CHARACTER_SET_RESULTS=@OLD_CHARACTER_SET_RESULTS */;
/*!40101 SET COLLATION_CONNECTION=@OLD_COLLATION_CONNECTION */;
